HBA_cid,HBA_smiles
23558,CCCCCCCCCC[N+](C)(C)CCCCCCCCCC.[Cl-]
8154,CCCCCCCCCCCCCCCC[N+](C)(C)C.[Cl-]
62581,CCCCCCCC[N+](C)(C)CCCCCCCC.[Cl-]
5946,CC[N+](CC)(CC)CC.[Cl-]
74236,CCCC[N+](CCCC)(CCCC)CCCC.[Br-]
21218,CCCCCCCC[N+](C)(CCCCCCCC)CCCCCCCC.[Cl-]
20708,CCCCCCCCCCCCCC[N+](C)(C)C.[Cl-]
8155,CCCCCCCCCCCCCCCCCC[N+](C)(C)C.[Cl-]
7879,CCCCCCCCCCCCCCCCCC[N+](C)(C)CCCCCCCCCCCCCCCCCC.[Cl-]
67553,CCCC[N+](CCCC)(CCCC)CCCC.[I-]
2724141,CCCC[N+](CCCC)(CCCC)CCCC.[F-]
91822,CCCC[N+](C)(CCCC)CCCC.[Cl-]
78667,CCCCC[N+](CCCCC)(CCCCC)CCCCC.[Cl-]
74745,CCC[N+](CCC)(CCC)CCC.[Br-]
70681,CCCC[N+](CCCC)(CCCC)CCCC.[Cl-]
61906,CCCCCCCCCC[N+](C)(C)CCCCCCCC.[Cl-]
24952,CCCCCCCCCCCCCC[N+](C)(C)CCCCCCCCCCCCCC.[Cl-]
15743,CCCCCCCCCCCCCCCC[N+](C)(C)CCCCCCCCCCCCCCCC.[Cl-]
12429,CCC[N+](CCC)(CCC)CCC.[I-]
11769095,CCCC[N+]1(CCCC1)C.[Cl-]
3014969,CCCCCCCCCCCCCCCCCCCCCC[N+](C)(C)C.[Cl-]
78073,CCCCCCC[N+](CCCCCCC)(CCCCCCC)CCCCCCC.[Br-]
76521,CCCC[N+](C)(CCCC)CCCC.[I-]
18843,CCCCCCCCCCCC[N+](C)(C)CCCCCCCCCCCC.[Cl-]
2735155,CCCCCCCC[N+](CCC)(CCCCCCCC)CCCCCCCC.[Cl-]
104201,CCCCCCCCCCCCCCCC[N+](C)(CCCCCCCCCCCCCCCC)CCCCCCCCCCCCCCCC.[Cl-]
82489,CCCCCCC[N+](CCCCCCC)(CCCCCCC)CCCCCCC.[Cl-]
80021,CCCCCC[N+](CCCCCC)(CCCCCC)CCCCCC.[Cl-]
79880,CCC[N+](CCC)(CCC)CCC.[Cl-]
78026,CCCCCC[N+](CCCCCC)(CCCCCC)CCCCCC.[Br-]
77071,CCCCCCC[N+](CCCCCCC)(CCCCCCC)CCCCCCC.[I-]
75056,CCCCCC[N+](CCCCCC)(CCCCCC)CCCCCC.[I-]
70086,CCCCC[N+](CCCCC)(CCCCC)CCCCC.[Br-]
21541,CC(C)CC[N+](CCC(C)C)(CCC(C)C)CCC(C)C.[I-]
17248,CCCCC[N+](CCCCC)(CCCCC)CCCCC.[I-]
134813759,CCCCCCCCCCCCCCCCCCCCCC[N+](C)(C)CCCCCCCCCCCCCCCCCCC.[Cl-]
60196394,CCC[N+]1(CCCC1)C.[Cl-]
23225441,CCCCCCCCCCCCC[N+](C)(C)CCCCCCCCCCCCC.[Cl-]
20316921,CCC[N+](C)(CC)CC.[Br-]
14029864,CCCCCCCCCCCC[N+](CCCCCCCCCCCC)(CCCCCCCCCCCC)CCCCCCCCCCCC.[Cl-]
11996614,CCCCCCCC[N+](CCCCCCCC)(CCCCCCCC)CCCCCCCC.[Cl-]
11748636,CCCC[N+](CCCC)(CCCC)CCCC.F.F.[F-]
11746670,CCCC[N+](CC)(CC)CC.[Br-]
11726816,CCCC[N+](CCCC)(CCCC)CCCC.O.O.O.[F-]
10891295,CCCC[N+](CCCC)(CCCC)CCCC.F.[F-]
10062191,CCCC[N+](C)(CCCC)CCCC.[Br-]
9939907,CCCCCCCCCCCCCCCCCCCCCC[N+](C)(C)CCCCCCCCCCCCCCCCCCCCCC.[Cl-]
84293,CCCC[N+](C)(C)C.[Cl-]
81601,CCCCCCCCCCCC[N+](C)(CCCCCCCCCCCC)CCCCCCCCCCCC.[Cl-]
78814,CCCCCCCCCC[N+](C)(CCCCCCCCCC)CCCCCCCCCC.[Cl-]
61505,CCCCCCCCCCCC[N+](C)(C)CCCCCCCC.[Cl-]
71404253,CCCC[N+](CCC(C)C)(CCC(C)C)CCC(C)C.[Br-]
71309260,CCC[N+](CCC)(CCC)CCC.[Br-]
23500186,CCC[N+](CC)(CCC)CCC.[I-]
23500184,CCCC[N+](CCCC)(CCCC)CCCC.CCCC[N+](CCCC)(CCCC)CCCC.CCCC[N+](CCCC)(CCCC)CCCC.[Br-].[Br-].[Br-]
23500174,CCCC[N+](CCCC)(CCCC)CCCC.[Cl-](Br)Br
23469415,CCCC[N+](CCC)(CCCC)CCCC.[I-]
20537283,CC(C)CC[N+](CCC(C)C)(CCC(C)C)CCC(C)C.[F-]
20537282,CCCC[N+](CCCC)(CCCC)CCCC.O.[Br-]
19369153,CCCCCCCCCCCC[N+](C)(C)CCCC.[Cl-]
19043781,CCCC[N+](CC)(CCCC)CCCC.[Br-]
18971006,CCC[N+](CC)(CC)CC.[Cl-]
16739405,CCCCC[N+](CCCC)(CCCC)CCCC.[Br-]
16212273,CCCC[N+](CCCC)(CCCC)CCCC.O.[Cl-]
15859728,CCCC[N+](CCCC)(CCCC)CCCC.[Br-](I)I
15818177,CCCCCCCCCC[N+](CCCCCCCCCC)(CCCCCCCCCC)CCCCCCCCCC.[Cl-]
15664046,CCC[N+](CC)(CC)CC.[Br-]
15461386,CCC[N+](C)(C)C.[Cl-]
15461354,CCCCCCC[N+](CCCC)(CCCC)CCCC.[Br-]
14718300,CCCCCCCCCCCCCC[N+](C)(CCCCCCCCCCCCCC)CCCCCCCCCCCCCC.[Cl-]
14389984,CCCCCCCCCCCCCCC[N+](C)(C)C.[Cl-]
14009109,CCCCCCCCCCCCCCCCCC[N+](CC)(CC)CCCCCCCCCCCCCCCCCC.[Cl-]
13726195,CCC[N+](CCC)(CCC)CCC.[F-]
13508502,CCCCC[N+](C)(C)C.[Cl-]
11288938,CCCCCCCCCCCC[N+](C)(C)CC.[Cl-]
10888803,CCCC[N+](CC)(CC)CC.[Cl-]
9923738,CCCCCCCCCCCCCCCC[N+](C)(C)CC.[Cl-]
9846387,CCCCCCCCC[N+](C)(CCCCCCCCC)CCCCCCCCC.[Cl-]
3017238,CCCC[N+](CCC)(CCC)CCC.[Br-]
161744,CCCCCCCCCCCCCCCCCC[N+](C)(C)CCCCCCCCCCCCCCCC.[Cl-]
158283,CCCCCC[N+](C)(C)CCCCCC.[Cl-]
83308,CCCCCCCCCCCCCCCC[N+](CC)(CC)CC.[Cl-]
77852,CCC[N+](CC)(CC)CC.[I-]
77067,CCC[N+](C)(CCC)CCC.[I-]
23516,CC[N+](CC)(CC)CCCCC[N+](CC)(CC)CC.[Br-].[Br-]
19179,CCCC[N+](CCC)(CCC)CCC.[I-]
14026,CC[N+](CC)(CC)CCCC[N+](CC)(CC)CC.[Br-].[Br-]
129691979,CCCCCCCCCCCCCCCCC[N+](CC)(CC)CC.[Cl-]
91864461,CCCCCCCCCCCCCCCCCCCCCC[N+](C)(C)CCCCCCCCCCCCCCCCCCCC.[Cl-]
87777356,CCCCCCC[N+](CCC)(CCCCCCC)CCCCCCC.[Br-]
86079055,CCC(C)[N+](C(C)CC)(C(C)CC)C(C)CC.[Br-]
71398586,CCCCCC[N+](CC)(CCCCCC)CCCCCC.[Br-]
71370914,CN(CCC[N+](C)(C)C)CCC[N+](C)(C)C.[Cl-].[Cl-]
71362436,CCCCCCCC[N+](C)(CCCCCC)CCCCCC.[Cl-]
71342334,CCCCCCCCCCCC[N+](CC)(CCCCCCCCCCCC)CCCCCCCCCCCC.[Cl-]
71338506,CCCCCCCCCCCCCCCCCC[N+](C)(C)CCCCCCCCCC.[Cl-]
71335164,CCCCCCCCCCCCCCCC[N+](CCC)(CCC)CCC.[Cl-]
71318846,CCCCCCCCCCCCCCCCCC[N+](CCC)(CCC)CCC.[Cl-]
56949006,CCCCCCCCCCCCCCCCC[N+](C)(C)CCCCCCCCCCCCCCCC.[Cl-]
56844137,CCCCCCCCCCCCCCCCCC[N+](C)(C)CCCCCCCCCCCCCC.[Cl-]
53436407,CCCCCCC[N+](CCCCCC)(CCCCCC)CCCCCCC.[I-]
53431297,CCCCCCC[N+](CCCCCC)(CCCCCC)CCCCCC.[I-]
24189855,CCC[N+](CC)(CCC)CCC.[Cl-]
23500181,CCCC[N+](CCCC)(CCCC)CCCC.CCCC[N+](CCCC)(CCCC)CCCC.CCCC[N+](CCCC)(CCCC)CCCC.[I-].[I-].[I-]
23322565,CCCC[N+](CC)(CC)CCCC.[Br-]
23185420,CCCCCCCCCC[N+](C)(C)CCCCCCCCC.[Cl-]
23018947,CCC[N+](C)(C)CCC.[Br-]
23018946,CCCC[N+](C)(C)CCCC.[Br-]
22556203,CCCCCCC[N+](C)(C)CCCCCCC.[Cl-]
22556199,CCCCCCCCCC[N+](CC)(CC)CCCCCCCCCC.[Cl-]
22506378,CCCCCCCCCCCCCCCCCC[N+](CC)(CC)CC.[Cl-]
22367840,CCCCCCCCCCCCCCCCCC[N+](CCCC)(CCCC)CCCCCCCCCCCCCCCCCC.[Cl-]
22311748,CCCCCCCCCCCCCCCCCC[N+](C)(C)CC.[Cl-]
22311747,CCCCCCCCC[N+](C)(C)CCCCCCCCC.[Cl-]
22269555,CCCCCCCCCCCCCCCC[N+](C)(CC)CC.[Cl-]
22219079,CCCCC[N+](CCCC)(CCCC)CCCC.[I-]
22151870,CCCCCCCCCCCCCCCCCC[N+](C)(C)CCC.[Cl-]
22117807,CCC[N+](C)(CCC)CCC.[Br-]
21987898,CCCCCCCC[N+](CC)(CC)CC.[Cl-]
21924947,CCCCCCCCCCCC[N+](CCC)(CCC)CCCCCCCCCCCC.[Cl-]
20063106,CCCCCCCCCCCCCCCC[N+](C)(C)CCCCCCCCCCCCCC.[Cl-]
19858517,CCCCCC[N+](CCCC)(CCCC)CCCC.[Br-]
19844217,CCCCCCCCCCCCCCCCCC[N+](CCCC)(CCCC)CCCC.[Cl-]
19604628,CCCC[N+](C)(CCCC)CCCC.[F-]
19002585,CC(C)CC[N+](CCC(C)C)(CCC(C)C)CCC(C)C.[Br-]
18959675,CCCCC[N+](CC)(CC)CC.[Cl-]
18627212,CCCCCCCC[N+](CC)(CCCCCCCC)CCCCCCCC.[Cl-]
18185861,CCCC[N+](CCCC)(CCCC)CCC(C)C.[Br-]
16217309,CCCC[N+](CCCC)(CCCC)CCCC.[Cl-].Cl[Ga](Cl)Cl
16213617,CCC[N+](CCC)(CCC)CCC.[Br-]
16211673,CCCC[N+](CCCC)(CCCC)CCCC.O.[F-]
15839034,CC(C)CC[N+](CCC(C)C)(CCC(C)C)CCC(C)C.[Cl-]
15792190,CCCC[N+](CCCC)(CCCC)CCCC.[Cl-].Cl[Au]
15708907,CCCCCCCCCCCCCCCC[N+](CCCCCCCCCCCCCCCC)(CCCCCCCCCCCCCCCC)CCCCCCCCCCCCCCCC.[Cl-]
14914913,CCCCCC[N+](C)(CCCCCC)CCCCCC.[Cl-]
14598532,CCCCCCCCCCCCCCCC[N+](CCCC)(CCCC)CCCC.[Cl-]
14475739,CCCCCCCCCCCCCC[N+](CCCCCCCCCCCCCC)(CCCCCCCCCCCCCC)CCCCCCCCCCCCCC.[Cl-]
14389983,CCCCCCCCCCCCC[N+](C)(C)C.[Cl-]
14009101,CCCCCCCCCCCCCC[N+](CC)(CC)CCCCCCCCCCCCCC.[Cl-]
14009100,CCCCCCCCCCCCCCCCCCCC[N+](C)(C)CCCCCCCCCCCCCCCCCCCC.[Cl-]
14009098,CCCCCCCCCCCCCCCCCCC[N+](C)(C)CCCCCCCCCCCCCCCCCCC.[Cl-]
14009096,CCCCCCCCCCCCCCC[N+](C)(C)CCCCCCCCCCCCCCC.[Cl-]
13880200,CCCCCCCCCCCCCCCCC[N+](C)(C)C.[Cl-]
13879751,CCCCCCCCCCCCCCCCCC[N+](C)(CCCCCCCCCCCCCCCCCC)CCCCCCCCCCCCCCCCCC.[Cl-]
13879587,CCC[N+](CC)(CCC)CCC.[Br-]
13879585,CCC[N+](CC)(CC)CCC.[Br-]
13860112,CCCC[N+](CCC)(CCCC)CCCC.[Br-]
13797566,CCCCCCCCCCCCCCCCC[N+](C)(C)CCCCCCCCCCCCCCCCC.[Cl-]
13783603,CCC[N+](C)(CCC)CCC.[Cl-]
13726125,CC(C)C[N+](CC(C)C)(CC(C)C)CC(C)C.[Br-]
12629822,CCCCCCC[N+](C)(CCCCCCC)CCCCCCC.[Cl-]
11783457,CCCCCC[N+](C)(CCCCCC)CCCCCC.[Br-]
11507979,CCCCC[N+](CCCCC)(CCCCC)CCCCC.[F-]
9835338,CCCCCCCCCC[N+](CC)(CC)CC.[Cl-]
3015159,CCCCCCCCCCCC[N+](CC)(CC)CC.[Cl-]
458639,CCCC[N+](CC)(CC)CC.[I-]
45679,CC[N+](C)(CC)CCCC[N+](C)(CC)CC.[Br-].[Br-]
134261144,CCCCCCCCCCCCCCCCCCC[N+](CC)(CC)CC.[Cl-]
133065672,CCCCCCCCCCCCCCCCCC[N+](C)(C)CCCCCCCCCCCCCCCCC.[Cl-]
129782064,CC[N+](CC)(CC)CC.CC[N+](CC)(CC)CC.[Cl-].[I-]
129771897,CCCC[N+](CCCC)(CCCC)CCCC.[NH4+].[F-].[F-]
129693527,CC[N+](CC)(CC)CC.CC[N+](CC)(CC)CC.[Cl-].[Cl-]
129674703,CC[N+](CC)(CC)CC.CC[N+](CC)(CC)CC.CC[N+](CC)(CC)CC.[Cl-].[Cl-].[Cl-]
129669015,CCCC[N+](CCCC)(CCCC)CCCC.CCCC[N+](CCCC)(CCCC)CCCC.[Br-].[Br-]
129660297,CCCC[N+](CCCC)(CCCC)CCCC.CCCC[N+](CCCC)(CCCC)CCCC.[O-]Cl(=O)(=O)=O.[Br-]
129659888,CCCC[N+](CCCC)(CCCC)CCCC.[NH4+].[Br-].[Br-]
129628780,CCCC[N+](CCCC)(CCCC)CCCC.CCCC[N+](CCCC)(CCCC)CCCC.[F-].[F-]
129104791,CCCCCCCCCCCC[N+](C)(C)CCCCCCCCCCCC.[Cl-].[Br-]
122613287,CCCCCCCCCCCCCCCCCCCC[N+](C)(C)CCCCCCCCCCCC.[Cl-]
122611349,CCCCCCCCCCCCCCCCCCCC[N+](C)(C)CCCCCCCCCCCCCCCCCC.[Cl-]
122610786,CCCCCCCCCCCCCCCCCC[N+](C)(C)CCCCCCCCC.[Cl-]
118223303,CCCCCCCCCCCCCCCCCCCCCCCCCCC[N+](C)(C)C.[Cl-]
118223301,CCCCCCCCCCCCCCCCCCCCCCCCC[N+](C)(C)C.[Cl-]
117599285,CCCC[N+](CCCC)(CCCC)CCCC.C(Cl)(Cl)Cl.[Br-]
89886434,CCCC[N+]1(CCCC1)CC.[Cl-]
89882912,CCCC[N+]1(CCCC1)CCC.[Cl-]
89438764,CCCC[N+](CCCC)(CCCC)CCCC.[K].[Br-]
88840767,CCCCC[N+](C)(CCCC)CCCCC.[Cl-]
88839945,CCCCCCCCCCC[N+](CCC)(CCCCCCCCCCC)CCCCCCCCCCC.[Cl-]
88839872,CCCCCCCCCCCC[N+](CCC)(CCCCCCCCCCCC)CCCCCCCCCCCC.[Cl-]
88839521,CCCCC[N+](CCC)(CCCC)CCCCC.[Cl-]
88836555,CCCCCCCCCCCCCCCCCCCCCCCCCCCCCCCCCCCCCCCCCC[N+](C)(C)CCCCCCCCCCCCCCCCCCCCCCCCCCCCCCCCCCCCCCCCCC.[Cl-]
88826384,CCCCCCC[N+](C)(CCC)CCCCCC.[F-]
88734105,CCCCCCCC[N+](C)(CC)CCCCCCCC.[Cl-]
88720999,CCCC[N+](CCCC)(CCCC)CCCC.CCN(CC)CC.[F-]
88699810,CCCCCCCCCCCCCCCC[N+](C)(CCCC)CCCCCCC.[Cl-]
88699623,CCCCCC[N+](C)(CCCCC)CCCCC.[Cl-]
88682784,CCCCCCCCCCCCCCCCCCCCCCC[N+](C)(CCCCCCCCCCCCCCCCCCCC)CCCCCCCCCCCCCCCCCCCC.[Cl-]
88669403,CCCCCCCCCCC[N+](C)(CC)CCCCCCCCCC.[Cl-]
88669171,CCCC[N+](CCCC)(CCCC)CC[N+](CCCC)(CCCC)CCCC.[Cl-].[Cl-]
88656661,CCCCCCCCCC[N+](C)(C)CCCC.[Cl-]
88652240,CCCCC[N+](CC)(CCCCC)CCCCC.[Br-]
88652037,CCCCCCCCC[N+](CC)(CCCCCCCCC)CCCCCCCCC.[Cl-]
88651765,CCCCCCCCCCC[N+](C)(CCCCCCCCCCC)CCCCCCCCCCC.[Cl-]
88651756,CCCCCCCCCCC[N+](CC)(CCCCCCCCCCC)CCCCCCCCCCC.[Cl-]
88651726,CCCCC[N+](CC)(CCCCC)CCCCC.[Cl-]
88526766,CCCC[N+](CCCC)(CCCC)CCCC.CC#N.[Cl-]
88517869,CCCCCCCCCCCCCCCCCC[N+](CC)(CC)CCCCCCCC.[Cl-]
88508688,CCCC[N+](CCCC)(CCCC)CCCC[N+](CCCC)(CCCC)CCCC.[Cl-].[Cl-]
88505155,CCCCCCCCCCCC[N+](C)(CCCCCCCC)CCCCCCCCC.[Cl-]
88443565,CCCCCCCCCCCCC[N+](C)(CCCCCCCCCCCC)CCCCCCCCCCCC.[Cl-]
88406105,CCCCCCCCCC[N+](CC)(CC)CC.[Cl-].Br
88356497,CCCCCCCC[N+](CC)(CCCC)CCCCCCCC.[Cl-]
88345593,CCCC[N+](CCCC)(CCCC)CCCC.[Zn](Br)Br.[Br-]
88345368,CCCC[N+](CCCC)(CCCC)CCCC.Cl[Zn]Cl.[Br-]
88305650,CCCCCCCCCCCC[N+](C)(C)CCC.[Cl-]
88305170,CCCCCCCC[N+](C)(CCCC)CCCCCCCC.[Cl-]
88297629,CCCCCCCCC[N+](C)(C)CCCCCC.[Cl-]
88263420,CCCC[N+](C)(C)CC.[Br-]
88257682,CCCCCC[N+](CCCC)(CCCC)CCCC.[F-]
88246034,CCCCCCCCCCCC[N+](C)(C)CCCCCCCCCCCC.[Cl-].[Cl-]
88226702,CCCCCCCCCC[N+](C)(CCCCCC)CCCCCCC.[Cl-]
88172900,CCCCCCCCCCCCCCCCCCCCC[N+](C)(CC)CC.[Cl-]
88120670,CC(C)C[N+](CC(C)C)(CC(C)C)CC(C)C.[F-]
88102339,CCCCCCCC[N+](CC)(CC)CCCCCC.[Cl-]
88082109,CCCCCCCCCC[N+](CC)(CC)CCCCCCCC.[Cl-]
88064382,CCCCCCCCCCCCCC[N+](C)(C)CCCCCCCCCCC.[Cl-]
88058328,CCCCCCCCC[N+](C)(C)CCCCCCCC.[Cl-]
88057365,CCCCCCCCCCCCC[N+](C)(C)CCCCCCCCCCCC.[Cl-]
88057290,CCCCCCCCCCC[N+](C)(C)CCCCCCCCCC.[Cl-]
88055982,CCCCCCCCCC[N+](C)(C)CC.[Cl-]
88008297,CCCC[N+](CCCC)(CCCC)CCCC.C(Cl)Cl.[I-]
87975854,CCCCCCCCCCCCCCCCCCCCCC[N+](C)(CC)CC.[Cl-]
87975614,CCCCCCCCCCCCCCCCCCCC[N+](C)(CC)CC.[Cl-]
87894324,CCCCCCCCCCCCCCCC[N+](C)(C)CCCCCCCCCCCCCCC.[Cl-]
87863982,CCCCCCCCCC[N+](C)(CCCC)CCCCCCCCCC.[Cl-]
87863871,CCCCCCCCCCCC[N+](C)(CC)CCCCCCCCCC.[Cl-]
87787902,CCCCCCCCCCCCCCCC[N+](C)(C)CCCCCCCCCCCCC.[Cl-]
87786215,CCCC[N+](CCCC)(CCCC)CCCC.[F-].[F-]
87779664,CCCC[N+](CCCC)(CCCC)CCCC.[Ar].[I-]
87779166,CCCCCCC[N+](CC)(CCCCCCC)CCCCCCC.[I-]
87779033,CCCCCCC[N+](CCCC)(CCCC)CCCC.[I-]
87778974,CCCCCCCC[N+](CCC)(CCC)CCC.[Cl-]
87778926,CCCCCCCCCCCCCC[N+](CCCCCC)(CCCCCC)CCCCCC.[Cl-]
87778882,CCCCCCC[N+](CC)(CCCCCCC)CCCCCCC.[Br-]
87778642,CCCCCC[N+](CC)(CCCCCC)CCCCCC.[I-]
87778588,CCCCCC[N+](CCCCC)(CCCCC)CCCCC.[Cl-]
87778483,CCCCCCC[N+](C)(CCCCCCC)CCCCCCC.[I-]
87777861,CCCCCC[N+](CCCC)(CCCC)CCCC.[Cl-]
87777774,CCCCC[N+](CCCC)(CCCCC)CCCCC.[Cl-]
87777763,CCCCCCC[N+](CCC)(CCCCCCC)CCCCCCC.[I-]
87777742,CCCCCCC[N+](CCC)(CCCCCCC)CCCCCCC.[Cl-]
87777602,CCCCCCC[N+](CCC)(CCC)CCC.[Cl-]
87777589,CCCCCCCCCCC[N+](CC)(CC)CC.[Cl-]
87777510,CCCCCCC[N+](CC)(CCCCCCC)CCCCCCC.[Cl-]
87777484,CCCCCCCCCC[N+](CCC)(CCC)CCC.[Cl-]
87777418,CCCCCC[N+](CCC)(CCCCCC)CCCCCC.[Cl-]
87777287,CCCCCCC[N+](C)(CCCCCCC)CCCCCCC.[Br-]
87776657,CCCCCC[N+](CCC)(CCCCCC)CCCCCC.[I-]
87737437,CCCCCCCCCCCCC[N+](CCCCCCCCCCCC)(CCCCCCCCCCCC)CCCCCCCCCCCC.[Cl-]
87710684,CCCCCCCCCCCCCCCCCCCCCCC[N+](C)(C)CCCCCCCCCCCCCCCCCCCCCC.[Cl-]
87695880,B(Cl)(Cl)Cl.CCCC[N+](CCCC)(CCCC)CCCC.[I-]
87480562,CCCC[N+](CC)(CCCC)CC(C)C.[Br-]
87479470,CCCCC[N+](CC)(CCCCC)CC(C)C.[Br-]
87478716,CCCCCC[N+](CCC)(CCCCCC)CCCCCC.[Br-]
87468121,CCCCCCCCCCCC[N+](C)(CC)CCCCCCCCCCCC.[Cl-]
87461557,CCCCCCCCCCCCCCCCCCCCCCC[N+](C)(C)C.[Cl-]
87457230,CCCCCCCCCCCCCCCCCCCCCC[N+](CCC)(CCC)CCCCCCCCCCCCCCCCCCCCCC.[Cl-]
87436246,CCCCCCCCCCCCCCCCCCCC[N+](C)(C)CC.[Cl-]
87436245,CCCCCCCCCCCCCCCCCCCCC[N+](C)(C)CC.[Cl-]
87434517,CCCC[N+](CCCC)(CCCC)CCCC.[O-]Cl(=O)(=O)=O.[Br-]
87382986,CCCCCCCCCCCC[N+](C)(C)CCCCCCCCC.[Cl-]
87361801,CCCCCC[N+](CC)(CC)CC.[Cl-]
87340861,CCCC[N+](CCCC)(CCCC)CCCC.N.[Cl-]
87336758,CCCCCCCCCCCCC[N+](C)(CC)CCCCCCCCCCCC.[Cl-]
87329879,CCCCC[N+](CCCC)(CCCC)CCCC.[F-]
87329873,CCCC[N+](CCCC)(CCCC)CCC(C)C.[F-]
87329872,CCCCC[N+](CCCC)(CCCC)CCCC.O.[Cl-]
87329800,CCCCC[N+](CCCC)(CCCC)CCCC.O.[Br-]
87319092,CCCCCCCCCCCCCC[N+](CC)(CCCCCCCCCCC)CCCCCCCCCCC.[Cl-]
87299128,CCCC[N+](CCCC)(CCCC)CCCC.CC#N.[Br-]
87290508,CCCCCCCCCCCCCCCCCC[N+](C)(CC)CC.[Cl-]
87290381,CCCCCCCCCCCCCC[N+](C)(CC)CC.[Cl-]
87275149,CCCC[N+](CCC)(CCC)CCCC.[F-]
87252050,CCCCCC[N+](C)(CCCCCC)CCCCCC.[I-]
87252018,CCCCCC[N+](C)(CCCCCC)CCCCCC.[F-]
87191476,CCCCCCCCCCCCCCC[N+](CCC)(CCC)CCC.[Cl-]
87140709,CCCCCCCCCC[N+](C)(C)CCCCCCC.[Cl-]
87105344,CCCC[N+](CCCC)(CCCC)C(C)CCC.[Cl-]
87103718,CCCCCCCCCC[N+](C)(C)CCCCCCCCCC.[Cl-].[Cu]
87084415,CCCCCCCCCCCCCCCCCCCCCCCC[N+](C)(C)CC.[Cl-]
87082513,CCCCCCCCCCCCCCCCCCCCCC[N+](C)(C)CC.[Cl-]
87068460,CCCCCCCCCCCCCCCCCCC[N+](C)(C)C.[Cl-]
86744380,CCC[N+](C)(C)CC.CCC[N+](C)(C)CC.CCC[N+](C)(C)CC.[Br-].[Br-].[Br-]
86634790,CCCC[N+](CCC)(CCCC)CCCC.[F-]
86611525,CCCC[N+](CCCC)(CCCC)CCCC.CC#N.[F-]
86211431,CCCC[N+](CCCC)(CCCC)CCCC.O.O.O.O.O.O.[F-]
86167190,CCCCCCCCCCCCCC[N+](CCCC)(CCCC)CCCC.[Cl-]
86022632,CCCCCCCC[N+](C)(C)CCCC.[Cl-]
85831024,CCCC[N+](CCCC)(CCCC)CCCC.CCCC[N+](CCCC)(CCCC)CCCC.[Cl-].[Cl-]
85790966,CCCCC[N+](CCCC)(CCCCC)CCCCC.[Br-]
85787840,CCC[N+](C)(C)CCC.[I-]
85782131,CCCCCCCCCCCC[N+](C)(C)CCCCCCCCCC.[Cl-]
85602519,CCC[N+](C)(CC)CC(C)C.[Cl-]
85530981,CCCCC[N+](CCC)(CCCCC)CCCCC.[Br-]
71463862,CCCCC[N+](C)(CCCCC)CCCCC.[Br-]
71444324,CCCC[N+](CCC(C)C)(CCC(C)C)CCC(C)C.[I-]
71409431,CCCCCCCCCCCCCCCCCC[N+](C)(C)CCCCC.[Cl-]
71399104,CCCC[N+](C)(C)CCCC.[I-]
71367605,CCCCCCCCCCCCCCCCCC[N+](CCCCCCCC)(CCCCCCCC)CCCCCCCC.[Cl-]
71366270,CCCC[N+](CCCC)(CCCC)CCC(C)C.[I-]
71346399,CCCCCCCC[N+](C)(C)CCCCC.[Cl-]
71318280,CCCC[N+](CCC(C)C)(CCC(C)C)CCC(C)C.[Cl-]
71318063,CCCCCCCCCCCCCCCC[N+](C)(C)CCCC.[Cl-]
57447908,CCCCCCCCCC[N+](CC)(CCC)CCCCCCCCCC.[Cl-]
56948887,CCCCCCCCCCCCCCCCCCC[N+](C)(C)CCCCCCCCCCCCCCCCCC.[Cl-]
56948886,CCCCCCCCCCCCCCCC[N+](C)(CC)CCCCCCCCCC.[Cl-]
54612384,CC[N+](CC)(CC)CCCCCC[N+](CC)(CC)CC.[Br-]
54606655,CC[N+](CC)(CC)CCCC[N+](CC)(CC)CC.[Br-]
54600287,CC[N+](CC)(CC)CC#CC[N+](CC)(CC)CC.[Cl-]
54590561,CCCCCCCCCCCCC[N+](CC)(CC)CC.[Cl-]
53431295,CCCCCCC[N+](CCCCCC)(CCCCCC)CCCCCC.[Br-]
24193272,CC[N+](CC)(CC)CCCC[P+](CC)(CC)CC.[I-]
24183239,CC[N+](CC)(CC)CCCCC[N+](CC)(CC)CC.[Br-]
23463460,CCCCCCCCCC[N+](CCCC)(CCCC)CCCC.[Cl-]
23457035,CCCCCCCCC[N+](C)(CC)CCCCCCCCC.[Cl-]
23322578,CCCC[N+](CC)(CC)CCCC.[I-]
23275305,CCCCC[N+](CC)(CCCCC)CCCCC.[I-]
23274456,CCCC[N+](CC)(CCCC)CCCC.[I-]
23185422,CCCCCCCCCCC[N+](C)(C)CCCCCCCCC.[Cl-]
23112995,CCCCCCCCCC[N+](C)(C)CCCCCCCCCC.[Cl-].[Cl-]
23105181,CCCCCC[N+](CCCC)(CCCC)CCCC.[I-]
23018948,CCCCCCC[N+](C)(C)CCCCCCC.[Br-]
22766991,CCCCCC[N+](CC)(CCCCCC)CCCCCC.[Cl-]
22766989,CCCCCCCCCCC[N+](CC)(CC)CCCCCCCCCCC.[Cl-]
22766988,CCCCCCCCCCCCCCCC[N+](CCCCCC)(CCCCCC)CCCCCC.[Cl-]
22486999,CCCC[N+](C)(CC)CCCC.[Cl-]
22408863,CCC[N+](CC)(CC)CC.[F-]
22394988,CCCCC[N+](C)(C)CCCCC.[Cl-]
22343550,CCCC[N+](CCCC)(CCCC)CCCC.O.O.[F-]
22316318,CCC[N+](C)(C)CCC.[F-]
22311755,CCCCCCCCCCCCCC[N+](C)(C)CCC.[Cl-]
22311749,CCCCCCCCCCC[N+](C)(C)CCCCCCCCCCC.[Cl-]
22311614,CCCC[N+](CCC)(CCCC)CCCC.[Cl-]
22123980,CCCCCCCCCCCCCCCCCCCCC[N+](C)(C)CCCCCCCCCCCCCCCCCCCCC.[Cl-]
22116766,[H+].CCCC[N+](CCCC)(CCCC)CCCC.[F-]
22001038,CCCCCCCCC[N+](CCCCCCCCC)(CCCCCCCCC)CCCCCCCCC.[Cl-]
22001034,CCCCCCC[N+](CCCCCCC)(CCCCCCC)CCCCCCC.[F-]
21987848,CCCCCCCC[N+](CCCC)(CCCC)CCCC.[Cl-]
21924949,CCCCCCCCCCCCCC[N+](CCC)(CCC)CCCCCCCCCCCCCC.[Cl-]
21924940,CCCCCCCCCCCC[N+](CC)(CC)CCCCCCCCCCCC.[Cl-]
21871713,CCCCCCCC[N+](CCCC)(CCCCCCCC)CCCCCCCC.[Cl-]
21863301,CCCC[N+](CC)(CC)CCCC.[Cl-]
21852588,CCCCCCCCCCCCCC[N+](CCC)(CCC)CCC.[Cl-]
21712016,CCCCCCCCCC[N+](C)(C)CCCCCCCCCC.[Cl-].[Cu+2]
21624432,CCCCCCCCC[N+](CCCCCCCC)(CCCCCCCC)CCCCCCCC.[Cl-]
21518883,CCCCCCCCCCCCCCCC[N+](CCC)(CCC)CCCCCCCCCCCCCCCC.[Cl-]
21452179,CCCCCC[N+](CCCCC)(CCCCCC)CCCCCC.[Cl-]
21452164,CCCCCCC[N+](CCCCCC)(CCCCCCC)CCCCCCC.[Cl-]
21452153,CCCCC[N+](C)(CCCC)CCCC.[Cl-]
21452140,CCCCCCCCCCCC[N+](CCCC)(CCCCCCCC)CCCCCCCC.[Cl-]
21452133,CCCCC[N+](CCC)(CCCCC)CCCCC.[Cl-]
21452131,CCCCCCCCC[N+](CCC)(CCCCCCCCC)CCCCCCCCC.[Cl-]
21452117,CCCCCCC[N+](CCCC)(CCCCCCC)CCCCCCC.[Cl-]
21452114,CCCCCC[N+](CCCC)(CCCCCC)CCCCCC.[Cl-]
21428449,CCC[N+](CC)(CC)CCC.[F-]
21344404,CCCCCCCCCCCC[N+](C)(C)CC.[Cl-]
21324505,CCCCCCCCCCC[N+](C)(CC)CCCCCCCC.[Cl-]
21297440,CCCC[N+](CCCC)(CCCC)CCCC.[F-].[Ar]
21296977,CCCCCCCCC[N+](CC)(CC)CC.[Cl-]
21281678,CCCCC[N+](C)(CCCCC)CCCCC.[Cl-]
21279571,CCCCCCCCCCCCCCCCCCCCCCCC[N+](C)(C)CCCCCCCCCCCCCCCCCCCCCCCC.[Cl-]
21274369,CCCCCC[N+](C)(C)CC.[Cl-]
21195392,CCCCCCCC[N+](CC)(CC)CCCCCCCC.[Cl-]
21144747,CCCC[Sn](CCCC)(CCCC)CCC[N+](C)(C)C.[I-]
20563185,CCCCCCCCCCCCCCCCC[N+](C)(CCC)CCC.[Cl-]
20563180,CCCCCCCCCCCCCC[N+](C)(C)CCCCCCC.[Cl-]
20563178,CCCCCCCCCCCCCCCCCCCCCC[N+](C)(C)CCC.[Cl-]
20537280,CC(C)CC[N+](CCC(C)C)(CCC(C)C)CCC(C)C.O.[Cl-]
20511001,CCCCCCCCCCCCCCCCC[N+](CCC)(CCC)CCCCCCCCCCCCCCCCC.[Cl-]
20376283,CCCCC[N+](CCC)(CCC)CCC.[Cl-]
20376282,CCCCC[N+](CCC)(CCC)CCC.[Br-]
20376279,CCCCCC[N+](CCC)(CCC)CCC.[Cl-]
20376277,CCC[N+](C)(CC)CCC.[Cl-]
20376264,CCCCC[N+](CCC)(CCC)CCC.[I-]
20307631,CCCCCCCCCCCCCCC[N+](CC)(CC)CC.[Cl-]
20294181,CCCCCCCCCCCC[N+](CCCC)(CCCCCCCCCCCC)CCCCCCCCCCCC.[Cl-]
20226039,CCCCCCCCCCCCCC[N+](C)(C)CCCCCCCCCCCC.[Cl-]
20131717,CCCCCCCCCC[N+](C)(CC)CCCCCCCCCC.[Cl-]
20067284,CCCC[N+](CCCC)(CCCC)CCCC.CO.[Cl-]
20030443,CCCCCCCCCCCCCCCCCC[N+](C)(C)CCCCCCCC.[Cl-]
19920856,CCC(C)[N+](C(C)CC)(C(C)CC)C(C)CC.[F-]
19896253,CCCCCCCCCCCCCCCCCC[N+](CCCC)(CCCCCCCCCCCCCCCCCC)CCCCCCCCCCCCCCCCCC.[Cl-]
19896250,CCCCCCCCCCCCCCCC[N+](CC)(CCCCCCCCCCCCCCCC)CCCCCCCCCCCCCCCC.[Cl-]
19896246,CCCCCCCCCCCCCCCCCC[N+](CCCCCCCCCCCCCCCC)(CCCCCCCCCCCCCCCCCC)CCCCCCCCCCCCCCCCCC.[Cl-]
19894661,CCCC[N+](CC)(CCCC)CCCC.[Cl-]
19880228,CCCCCCCCCCCCCC[N+](C)(C)CC.[Cl-]
19860022,CCCC[N+](CCCC)(CCCC)CCCC.OCl(=O)(=O)=O.[I-]
19858533,CCCC[N+](CCCC)(CCCC)CC(C)C.[Br-]
19798930,CCCCCCCCCCCCCCCCCCCCCCCC[N+](C)(C)C.[Cl-]
19798928,CCCCCCCCCCCCCCCCCCCCCCCCCCCC[N+](C)(C)C.[Cl-]
19798926,CCCCCCCCCCCCCCCCCCCCCCCCCC[N+](C)(C)C.[Cl-]
19774441,CCC[N+](C)(C)CCC.[Cl-]
19604627,CCC[N+](C)(CCC)CCC.[F-]
19369147,CCCCCCCCCCCCC[N+](C)(C)CCCCCC.[Cl-]
19369142,CCCCCCCCCCC[N+](C)(C)CCCCCC.[Cl-]
19369138,CCCCCCCCCC[N+](C)(C)CCCCCC.[Cl-]
19369132,CCCCCCCCCCC[N+](C)(C)CCCCCCCC.[Cl-]
19369127,CCCCCCCCCCCCCC[N+](C)(C)CCCCCC.[Cl-]
19035239,CCCCC[N+](CC(C)C)(CC(C)C)CC(C)C.[Br-]
19035238,CCCCCC[N+](CCCC)(CCCCCC)CCCCCC.[Br-]
19029848,CCCCCCCCCCCCCCCCCC[N+](C)(C)CCCCCCCCCCCC.[Cl-]
19024962,CCCC[N+](CCCC)(CCCC)CCCC.CCCC[N+](CCCC)(CCCC)CCCC.CCCC[N+](CCCC)(CCCC)CCCC.[Cl-].[Cl-].[Cl-]
18968123,CCCCCN(CCCCC)CCC[N+](CC)(CCCCC)CCCCC.[Br-]
18629420,CCCCCCCCCC[N+](CCCCCCCC)(CCCCCCCC)CCCCCCCCCC.[Cl-]
18615672,CCCC[N+](C)(C)CCCC.[Cl-]
18518955,CN(C)CCCC[N+](C)(C)C.[Cl-]
18398484,CCCCCCCCCC[N+](C)(CCCCCCCC)CCCCCCCCCC.[Cl-]
18398482,CCCCCCCCCCCCCCC[N+](C)(C)CCCCCCCCCCCCCC.[Cl-]
18398477,CCCCCCCCCC[N+](C)(CCCCCCCC)CCCCCCCC.[Cl-]
17840075,CCCCCCCCCCCCCCCC[N+](C)(C)CCC.[Cl-]
17818155,CCCC[N+](CCCC)(CCCC)CCCC.C(Cl)Cl.[F-]
16747386,CCCCCCCCCC[N+](CCC)(CCC)CCCCCCCCCC.[Cl-]
16746651,CCCCCCCCCC[N+](C)(CCC)CCCCCCCCCC.[Cl-]
16744740,CCCCCCCCCCCCCCCCCCCC[N+](C)(C)C.[Cl-]
16739404,CCCCC[N+](CCCC)(CCCC)CCCC.[Cl-]
15935270,CCCC[N+](CCC)(CCC)CCC.[Cl-]
15664048,CCCCCCCCCCCCCC[N+](CC)(CC)CC.[Cl-]
15663939,CCCCCCCC[N+](CCCCC)(CCCCCCCC)CCCCCCCC.[Cl-]
15639871,CCCCCCCC[N+](CCCCCC)(CCCCCCCC)CCCCCCCC.[Cl-]
14839884,CCCCCCCCCCCC[N+](CCCCCCCC)(CCCCCCCC)CCCCCCCC.[Cl-]
14839883,CCCCCCCCCCCC[N+](CCCC)(CCCC)CCCC.[Cl-]
14839881,CCCCCCCCCCCCCCCCCCCCC[N+](C)(C)C.[Cl-]
14833014,CCCCCCCCCCCCCCCC[N+](C)(C)CCCCCCCCCCCC.[Cl-]
14009117,CCCCCCCCCCCCCCCCCC[N+](CCC)(CCC)CCCCCCCCCCCCCCCCCC.[Cl-]
14009115,CCCCCCCCCCCCCCCCCCCCCC[N+](CC)(CC)CCCCCCCCCCCCCCCCCCCCCC.[Cl-]
14009113,CCCCCCCCCCCCCCCCCCCC[N+](CC)(CC)CCCCCCCCCCCCCCCCCCCC.[Cl-]
14009111,CCCCCCCCCCCCCCCCCCC[N+](CC)(CC)CCCCCCCCCCCCCCCCCCC.[Cl-]
14009107,CCCCCCCCCCCCCCCCC[N+](CC)(CC)CCCCCCCCCCCCCCCCC.[Cl-]
14009105,CCCCCCCCCCCCCCCC[N+](CC)(CC)CCCCCCCCCCCCCCCC.[Cl-]
14009103,CCCCCCCCCCCCCCC[N+](CC)(CC)CCCCCCCCCCCCCCC.[Cl-]
13767187,CCCCC[N+](C)(CCCCC)CCCCC.[I-]
13726127,CC(C)C[N+](CC(C)C)(CC(C)C)CC(C)C.[Cl-]
13643844,CCC[N+](C)(C)CC.[Cl-]
13182733,CCCC[N+](CCCC)(CCCC)CCCC.[Cl-].Cl[Au](Cl)Cl
12815391,CCCC[N+](CCCC)(CCCC)CCCC[N+](CCCC)(CCCC)CCCC.[Br-].[Br-]
12719384,CCCC[N+](=C)CCCC.[Cl-]
11733563,CCCC[N+](CCCC)(CCCC)CCCC.[Br-].BrBr
11293757,CCCCCCCCCC[N+](C)(CCCCCCCC)CCCCCCCCC.[Cl-]
11014201,CCCCCC[N+](CCCCCC)(CCCCCC)CCCCCC.[F-]
10960193,CCCCCC[N+](CC)(CC)CCCCCCN(CC)CC.[Br-]
9988691,CCCCCCCCCCCCCCCCCC[N+](CCCCCCCCCCCCCCCCCC)(CCCCCCCCCCCCCCCCCC)CCCCCCCCCCCCCCCCCC.[Cl-]
517440,CCC[N+](CCC)(CCC)CCC.O.[Cl-]
145799487,CCC[N+](CCC)(CCC)CCC.C[N+](C)(C)C.[Cl-].[Cl-]
145794011,CCCC[N+](CCCC)(CCCC)CCCC.CCCC[N+](CCCC)(CCCC)CCCC.[I-].[I-]
145780063,CCCC[N+](CCCC)(CCCC)CCCC.CC(C)C[N+](CC(C)C)(CC(C)C)CC(C)C.[Cl-].[Br-]
145736787,CCCC[N+](CCCC)(CCCC)CCCC.O.F.[F-]
145521946,CCCC[N+](CCCC)(CCCC)CCCC.CCCC[N+](CCCC)(CCCC)CCCC.O.[Cl-].[Br-]
145521940,CCCCC[N+](CCCCC)(CCCCC)CCCCC.CCCCC[N+](CCCCC)(CCCCC)CCCCC.[Cl-].[I-]
145271085,CCCC[N+](CCCC)(CCCC)CCCC.[OH-].[K+].[I-]
144841578,CCCC[N+](CCCC)(CCCC)CCCC.[K+].[I-].[I-]
144482081,[Li+].CCCC[N+](CCCC)(CCCC)CCCC.[Br-].[Br-]
142730372,CCCCC[N+](C)(C)CC.[Cl-]
142700848,CCCCCC[N+](CCCCCC)(CCCCCC)CCCCCC.[NH4+].[Cl-].[Cl-]
142700846,CCC[N+](CCC)(CCC)CCC.[NH4+].[Cl-].[Cl-]
142674009,CCCC[N+](CCCC)(CCCC)CCCC.[F-].F[Ag]
142664641,CCCC[N+](CCCC)(CCCC)CCCC.[F-].Cl
142654042,CCCC[N+](CCCC)(CCCC)CCCC.CCCC[N+](CCCC)(CCCC)CCCC.[OH-].[F-]
142394171,CCCC[N+](CCCC)(CCCC)CCCC.CCCC[N+](CCCC)(CCCC)CCCC.[OH-].[I-]
141915869,CCCC[N+](CCCC)(CCCC)CCCC.[NH4+].[Cl-].[Br-]
141805966,CCCC[N+](CCCC)(CCCC)CCCC.[OH-].[Cl-].[K+]
141768742,CCCC[N+](CCCC)(CCCC)CCCC.CCCC[N+](CCCC)(CCCC)CCCC.[OH-].[Br-]
141747098,CCCC[N+](C)(CCCC)CCCC.CCCC[N+](C)(CCCC)CCCC.C[O-].[Cl-]
141650219,CCCCCC[N+](CCCCCC)(CCCCCC)CCCCCC.CCCCCC[N+](CCCCCC)(CCCCCC)CCCCCC.[Cl-].[Br-]
141640651,CCC[N+](C)(C)C.CCC[N+](C)(C)C.[Cl-].[Cl-]
141627794,CCCC[N+](CCCC)(CCCC)CCCC.[Ca+2].[Br-].[Br-].[Br-]
141618976,CCCC[N+](CCCC)(CCCC)CCCC.C[N+](C)(C)C.[Cl-].[Br-]
141558687,CCCC[N+](CCCC)(CCCC)CCCC.CC[N+](CC)(CC)CC.[I-].[I-]
141551067,CCC[N+](CCC)(CCC)CCC.CC[N+](CC)(CC)CC.[Cl-].[Br-]
141531977,CCCC[N+](CCCC)(CCCC)CCCC.[K+].[Br-].[Br-]
141520070,CCC[N+](CCC)(CCC)CCC.CCC[N+](CCC)(CCC)CCC.[Br-].[Br-]
141488356,CCC[N+](CCC)(CCC)CC(C)C.[Cl-]
141463594,CCC[N+](CCC)(CCC)CCC.CCC[N+](CCC)(CCC)CCC.CCC[N+](CCC)(CCC)CCC.CCC[N+](CCC)(CCC)CCC.[Cl-].[Cl-].[Cl-].[Cl-]
141410345,CCCCCCCCCCCCCCCCCCCCCCCCCC[N+](C)(CC)CC.[Cl-]
141387720,CCCCCC[N+](C)(C)CCC.[Cl-]
141345746,CCCC[N+](CCCC)(CCCC)CCCC.CCCC[N+](CCCC)(CCCC)CCCC.F.[F-].[F-]
141337911,CCCC[N+](C)(CCCC)CCCC.CCCC[N+](C)(CCCC)CCCC.CC[N+](CC)(CC)CC.[Cl-].[Br-].[I-]
141294173,CCCCC[N+](C)(C)CCC.[Cl-]
141281786,CCCC[N+](CCCC)(CCCC)CCCC.CCCC[N+](CCCC)(CCCC)CCCC.[C-]#N.[Br-]
141279605,CCCC[N+]1(CCCC1)CCCC.[Cl-]
141267903,CCCCCCCCCCCCCCCC[N+](C)(CCC)CCCCCCCCCCCCCCCC.[Cl-]
141264252,CCCC[N+](CCCC)(CCCC)CCCC.[OH-].[K+].[Br-]
141256678,CCCC[N+](CCCC)(CCCC)CCCC.[NH4+].[I-].[I-]
141254106,CCCCCCCCCCCCCCCCCCCCCCCCCCCCCCCCCCCCCCCCCCCCCCCCCCCCCCCCCCCCCCCCCCCCCCCCCCCCCCCC[N+](C)(C)CCCCCCCCCCCCCCCCCCCCCCCCCCCCCCCCCCCCCCCCCCCCCCCCCCCCCCCCCCCCCCCCCCCCCCCCCCCCCCCC.[Cl-]
141246413,CCCCCCCCCCCCCCCCCCC[N+](C)(C)CC.[Cl-]
141226214,CCC[N+](CCC)(CCC)CCC.CCC[N+](CCC)(CCC)CCC.[OH-].[Cl-]
141198172,CCCCCCCCCCCCCCCCCCCC[N+](CCCCC)(CCCCC)CCCCC.[Cl-]
141198171,CCCCCCCCCCCCCCCCCCCC[N+](CCC)(CCC)CCC.[Cl-]
141198168,CCCCCCCCCCCCCCCCCCCC[N+](CCCCCCCC)(CCCCCCCC)CCCCCCCC.[Cl-]
141198167,CCC(C)[N+](C(C)CC)(C(C)CC)C(C)CC.[Cl-]
141198166,CCCCCCCCCCCCCCCCCCCC[N+](CCCCCC)(CCCCCC)CCCCCC.[Cl-]
141198165,CCCCCCCCCCCCCCCCCCCC[N+](CC)(CC)CC.[Cl-]
141198163,CCCCCCCCCCCC[N+](CCC)(CCC)CCC.[Cl-]
141198160,CCCCCCCCCCCCCCCCCCCC[N+](CCCC)(CCCC)CCCC.[Cl-]
141118317,CCC[N+](C)(CC)CC.[Cl-]
141107506,CCCCCCCCCCCCCC[N+](C)(C)CCCCCCCC.[Cl-]
141090890,CCCC[N+](CCCC)(CCCC)CCCC.CCCC[N+](CCCC)(CCCC)CCCC.C[O-].[Cl-]
141083999,CCCCCCCCCCCCCCCCCCCC[N+](C)(C)CCCCCC.[Cl-]
141059784,CCCCCCCCCCCCC[N+](C)(CCCCCCCCCCCCC)CCCCCCCCCCCCC.[Cl-]
141039526,CCCC[N+](CCCC)(CCCC)CCCC.O.O.O.[Cl-]
140764266,CCCCCCCCCCCCCCCCCCC[N+](C)(C)CCC.[Cl-]
140618115,CCCCCCCCCCCCCCCCCC[N+](CC)(CCCCCCCCCCCCCCCCCC)CCCCCCCCCCCCCCCCCC.[Cl-]
140530418,CCCC[N+](CCCC)(CCCC)CCCC.[NH4+].[Cl-].[Cl-]
140365894,CCCC[N+](CCCC)(CCCC)CCCC.CCCC[N+](CCCC)(CCCC)CCCC.CCCC[N+](CCCC)(CCCC)CCCC.[F-].[F-].[F-]
140344153,CCCC[N+](CCCC)(CCCC)CCCC.CCCC[N+](CCCC)(CCCC)CCCC.[Cl-].[I-]
140344152,CCC[N+](CCC)(CCC)CCC.CCC[N+](CCC)(CCC)CCC.[Cl-].[I-]
140341779,CCCC[N+](CCCC)(CCCC)CCCC.[F-].[F-].[Cs+]
140326186,CN(CCC[N+](C)(C)C)CCC[N+](C)(C)C.Cl.[Cl-].[Cl-]
140307913,CCCCCCCCCC[N+](CCCCCCCC)(CCCCCCCCCC)CCCCCCCCCC.[Cl-]
140257445,CCCC[N+](CC)(CC)CC.O.[Cl-]
140253672,CCCCCCCCCCCCCCCCC[N+](CCCCCCCCCCCCCCCCC)(CCCCCCCCCCCCCCCCC)CCCCCCCCCCCCCCCCC.[Cl-]
140253640,CCCCCCCCCCCCCCCCCCC[N+](CCCCCCCCCCCCCCCCCCC)(CCCCCCCCCCCCCCCCCCC)CCCCCCCCCCCCCCCCCCC.[Cl-]
140253622,CCCCCCCCCCCCCCC[N+](CCCCCCCCCCCCCCC)(CCCCCCCCCCCCCCC)CCCCCCCCCCCCCCC.[Cl-]
140186692,CCCC[N+](CCCC)(CCCC)CCCC.CCCC[N+](CCCC)(CCCC)CCCC.[F-].[I-]
140165443,CCCCCCCCCC[N+](CC)(CCCCCCCCCC)CCCCCCCCCC.[Cl-]
140165442,CCCCCCCCCC[N+](CCCC)(CCCCCCCCCC)CCCCCCCCCC.[Cl-]
140165441,CCCCCCCCCCCCCCCC[N+](CCCC)(CCCCCCCCCCCCCCCC)CCCCCCCCCCCCCCCC.[Cl-]
140165440,CCCCCCCCCCCCCC[N+](CCCC)(CCCCCCCCCCCCCC)CCCCCCCCCCCCCC.[Cl-]
140165439,CCCCCCCCCCCCCC[N+](CC)(CCCCCCCCCCCCCC)CCCCCCCCCCCCCC.[Cl-]
140159899,CCCC[N+](CCCC)(CCCC)CCCC.CCCC[N+](CCCC)(CCCC)CCCC.CCCC[N+](CCCC)(CCCC)CCCC.[Cl-].[Br-].[Br-]
140117548,CCCCCCCCCCCCCCCCCCCCC[N+](C)(C)CCCCCCCCCC.[Cl-]
140117546,CCCCCCCCCCCCCCCCCCCCCCC[N+](C)(C)CCCCCCCCCC.[Cl-]
140054644,CCCCCC[N+]1(CCCCC1)CCCCCC.[Cl-]
140054642,CCCCC[N+]1(CCCCC1)CCCCC.[Cl-]
140041678,[H-].CCCC[N+](CCCC)(CCCC)CCCC.CCCC[N+](CCCC)(CCCC)CCCC.[F-]
140035428,CCC[N+]1(CCCC1)CCC.[Cl-]
140035423,CCCCCC[N+]1(CCCC1)CCCCCC.[Cl-]
140022348,CCN(CC)CCC[N+](CC)(CC)CC.[Cl-]
140022329,CCN(CC)CCC[N+](C)(CC)CC.[Cl-]
140022305,CC[N+](C)(C)CCCN(C)C.[Cl-]
140002464,CCCCCCCCCCCC[N+](C)(C)CCCCC.[Cl-]
139982574,CCCCCCCCCCCCCCCCCC[N+](C)(CCCCCCCCCCCCCCCCC)CCCCCCCCCCCCCCCCCC.[Cl-]
139956441,CCCC[N+](C)(CCCC)CCl.[Br-]
139956378,CCCC[N+](C)(CCCC)CCl.[I-]
139956298,CCCC[N+](C)(CCCC)CBr.[Cl-]
139956204,CCCCCC[N+](CCCCC)(CCCCC)CCl.[Br-]
139956170,CCCCC[N+](CCCCC)(CCCCC)CCl.[Br-]
139956169,CCCCC[N+](CCCC)(CCCCC)CCl.[I-]
139955919,CCCCC[N+](CCCC)(CCCCC)CCl.[Cl-]
139955910,CCCCC[N+](CCCC)(CCCCC)CBr.[Cl-]
139955841,CCCCCC[N+](CCCCC)(CCCCCC)CCl.[Br-]
139955770,CCCC[N+](CCCC)(CCCC)CCl.[Br-]
139955674,CCCCCC[N+](CCCC)(CCCCCC)CCl.[Cl-]
139955651,CCCCC[N+](CCCCC)(CCCCC)CBr.[Cl-]
139955492,CCCCCC[N+](CCCC)(CCCCCC)CBr.[Cl-]
139955383,CCCCCC[N+](CCCCC)(CCCCC)CCl.[Cl-]
139955372,CCCCC[N+](CCCCC)(CCCCC)CCl.[Cl-]
139955357,CCCCCC[N+](CCCCC)(CCCCC)CCl.[I-]
139955291,CCCCCC[N+](CCCC)(CCCCC)CBr.[Cl-]
139955053,CCCCCC[N+](CCCCCC)(CCCCCC)CCl.[I-]
139955029,CCCCCC[N+](CCCCCC)(CCCCCC)CCl.[Br-]
139954980,CCCCCC[N+](CCCC)(CCCCC)CCl.[I-]
139954926,CCCC[N+](CCCC)(CCCC)CCCBr.[Cl-]
139954874,CCCC[N+](CCCC)(CCCC)CCCCBr.[Cl-]
139954845,CCCCC[N+](CCCCC)(CCCCC)CCl.[I-]
139954837,CCCCC[N+](CCCCC)(CCCCC)CCBr.[Cl-]
139954813,CCCCCC[N+](CCCCCC)(CCCCCC)CCl.[Cl-]
139954738,CCCCCC[N+](CCCC)(CCCCCC)CCl.[I-]
139954635,CCCCCC[N+](CCCCC)(CCCCCC)CBr.[Cl-]
139954573,CCCC[N+](CCCC)(CCCC)CCl.[I-]
139954550,CCCCCC[N+](CCCCC)(CCCCC)CBr.[Cl-]
139954539,CCCCC[N+](CCCC)(CCCCC)CCl.[Br-]
139954462,CCCCCC[N+](CCCCC)(CCCCCC)CCl.[Cl-]
139954408,CCCCCC[N+](CCCCC)(CCCCCC)CCl.[I-]
139954352,CCCCCC[N+](CCCCCC)(CCCCCC)CBr.[Cl-]
139954302,CCCCCC[N+](CCCC)(CCCCC)CCl.[Cl-]
139954273,CCCCCC[N+](CCCC)(CCCCC)CCl.[Br-]
139954147,CCCCC[N+](CCCC)(CCCCC)CCBr.[Cl-]
139954136,CCCCCC[N+](CCCC)(CCCCCC)CCl.[Br-]
139950348,CCCC[N+](C)(C)C.CCCC[N+](C)(C)C.CCCC[N+](C)(C)C.[Br-].[Br-].[Br-]
139893552,CCCCCCCCCCCCCCCCCCCCCC[N+](CCCC)(CCCC)CCCC.[Cl-]
139843535,CCC(C)[N+](C(C)CC)(C(C)CC)C(C)CC.[I-]
139841782,CCCCCCCCCCCCCCCCCCCCCC[N+](C)(CCCCCCCCCCCCCCCCCCCCCC)CCCCCCCCCCCCCCCCCCCCCC.[Cl-]
139790814,CC[N+](CC)(CC)CC.CC[N+](CC)(CC)CC.[F-].[Cl-]
139785065,CCCCCCCCCCCCCCCC[N+](C)(C)CCCCCCCC.[Cl-]
139776454,CCCC[N+](C)(CCCC)CCCC.O.[Cl-]
139761700,CCCC[N+](CCCC)(CCCC)CCCC.[Cu]Br.[Br-]
139707236,[H-].CCCC[N+](CCCC)(CCCC)CCCC.CCCC[N+](CCCC)(CCCC)CCCC.[Cl-]
139696144,CCCCCCCCCCCCCCCCCCCCCCCCCCCC[N+](C)(C)CCCCCCCCCCCCCCCCCCCCCCCCCCCC.[Cl-]
139692278,CCCCC[N+](CCCCC)(CCCCC)CCCCC.O.[Br-]
139637252,CCCC[N+](CCCC)(CCCC)CCCC.O.[OH-].[Na+].[Br-]
135539772,CCCC[N+](CCCC)(CCCC)CCCC.[Cl-].[Cl-].[Cl-].[Cl-].[Cl-].[Cl-].[Cl-].[Cl-].[Re].[Re]
134991656,CCCC[N+](CCCC)(CCCC)CCCC.[C-]#[O+].[Cl-].Cl[Pd]Cl
134889148,CCCC[N+](CCCC)(CCCC)CCCC.O=[Tc].Cl.Cl.Cl.[Cl-]
129865158,CCCC[N+](CCCC)(CCC(C)C)CCC(C)C.O.[Cl-]
129827195,CCCC[N+](CCCC)(CCCC)CCCC.CCCC[N+](CCCC)(CCCC)CCCC.[Cl-].[Br-]
129819279,CCCC[N+](CCCC)(CCCC)CCCC.CC[N+](CC)(CC)CC.C[N+](C)(C)C.[Br-].[I-].[I-]
129804790,CCCC[N+](CC)(CC)CC.CCCC[N+](CC)(CC)CC.CCCC[N+](CC)(CC)CC.[I-].[I-].[I-]
129801753,CCCC[N+](CCCC)(CCCC)CCCC.O.[K+].[Br-].[Br-]
129800983,CCCC[N+](CCCC)(CCCC)CCCC.O.Br.[Br-]
129772848,CCCCCCCCCCCCCCCCCC[N+](CC)(CCCCCCCC)CCCCCCCC.[Cl-]
129772762,CCCCCCCCCCCCCCCCCC[N+](C)(CCCCCCCCCC)CCCCCCCCCC.[Cl-]
129767867,CCCC[N+](CCCC)(CCC(C)C)CCC(C)C.[Cl-]
129765835,CCCC[N+](CCC(C)C)(CCC(C)C)CCC(C)C.O.O.[Cl-]
129723945,CCCCCCCCCCCCCCCCCCCCCC[N+](C)(CCCCCCCCCCCCCCCCCC)CCCCCCCCCCCCCCCCCC.[Cl-]
129718595,CCC[N+](C)(CCC)CCC.CC[N+](CC)(CC)CC.[I-].[I-]
129677544,CCCC[N+](CCCC)(CCCC)CCCC.C[N+](C)(C)C.[Br-].[I-]
129655714,CCC[N+](CCC)(CCC)CCC.CCC[N+](CCC)(CCC)CCC.[Br-].[I-]
129655443,CCCC[N+](CCCC)(CCCC)CCCC.CCCC[N+](CCCC)(CCCC)CCCC.O.O.O.[F-].[Cl-]
129648595,CCCC[N+](CCCC)(CCCC)CCCC.CCC[N+](CCC)(CCC)CCC.[Br-].[Br-]
129641594,CCCCCC[N+](C)(CC)CC.[Cl-]
127262897,CCCCCCCCCCCC[N+](C)(CC)CC.[Cl-]
127262862,CCCC[N+](CCCC)(C(C)CC)C(C)CC.[Br-]
121416605,CCCC[N+](CCCC)(CCCC)CCCC.[Cu].[I-]
89886469,CC[N+]1(CCCC1)CC.[Cl-]
88595208,CCCCCCCCCCCCCCCC[N+](CC)(CC)CCCCCCCCCCCC.[Cl-]
88515452,CCCCCCCCCCCCCCCC[N+](C)(CCCCCCCCCCCC)CCCCCCCCCCCCCC.[Cl-]
88230227,B(F)(F)F.CCCC[N+](CCCC)(CCCC)CCCC.[F-]
88027208,CCCC[N+](C)(CCCC)CCl.[Cl-]
87779031,CCCCCC[N+](CC)(CC)CCCCCC.[Cl-]
87779012,CCCCCCCCCCCCCC[N+](CCCC)(CCCC)CCCCCCCCCCCCCC.[Cl-]
87779003,CCCCCC[N+](CCCCC)(CCCCC)CCCCCC.[I-]
87778995,CCCCCCCCC[N+](CCC)(CCC)CCC.[Cl-]
87778986,CCCCCCCCC[N+](CCCCCCC)(CCCCCCC)CCCCCCC.[Cl-]
87778957,CCCCC[N+](CCCC)(CCCC)CCCCC.[Br-]
87778952,CCCCCCCCCCCC[N+](CCCCCC)(CCCCCC)CCCCCCCCCCCC.[Cl-]
87778935,CCCCC[N+](CC)(CC)CCCCC.[I-]
87778931,CCCCCCC[N+](CCCC)(CCCC)CCCCCCC.[Br-]
87778930,CCCCCCC[N+](CCCCC)(CCCCC)CCCCCCC.[Br-]
87778914,CCCCCCC[N+](C)(C)CCCCCCC.[I-]
87778865,CCCCC[N+](CCC)(CCC)CCCCC.[Cl-]
87778815,CCCCCCCCCC[N+](CCCCCC)(CCCCCC)CCCCCCCCCC.[Cl-]
87778770,CCCCCCCCCCCCCCCC[N+](CCCC)(CCCC)CCCCCCCCCCCCCCCC.[Cl-]
87778762,CCCCCCCCCCCC[N+](CCCCC)(CCCCC)CCCCCCCCCCCC.[Cl-]
87778760,CCCCCCC[N+](CCCCC)(CCCCC)CCCCC.[Cl-]
87778744,CCCCCCCCC[N+](CCCCCC)(CCCCCC)CCCCCC.[Cl-]
87778691,CCCCCCCCCCCCCCCC[N+](CCCCCC)(CCCCCC)CCCCCCCCCCCCCCCC.[Cl-]
87778670,CCCCC[N+](CC)(CC)CCCCC.[Cl-]
87778662,CCCCCCCCCCCCCCCCCC[N+](CCCCCC)(CCCCCC)CCCCCCCCCCCCCCCCCC.[Cl-]
87778659,CCCCCC[N+](CCCCC)(CCCCC)CCCCCC.[Cl-]
87778648,CCCCCCCCCCCCCCCC[N+](CCCCC)(CCCCC)CCCCCCCCCCCCCCCC.[Cl-]
87778647,CCCCCCC[N+](CCCC)(CCCC)CCCCCCC.[Cl-]
87778641,CCCCCCCC[N+](CCCC)(CCCC)CCCCCCCC.[Cl-]
87778596,CCCCCCCCCCCCCCCCCC[N+](CCCCC)(CCCCC)CCCCC.[Cl-]
87778582,CCCCCCC[N+](CCCCC)(CCCCC)CCCCC.[Br-]
87778569,CCCCCCCCCCCCCCCCCC[N+](CCCCCC)(CCCCCC)CCCCCC.[Cl-]
87778566,CCCCCCC[N+](CCC)(CCC)CCC.[I-]
87778564,CCCCCCC[N+](CC)(CC)CCCCCCC.[Br-]
87778192,CCCCCCCCCCCCCCCC[N+](CCCCC)(CCCCC)CCCCC.[Cl-]
87778090,CCCCCCCCCC[N+](CCCCCCC)(CCCCCCC)CCCCCCC.[Cl-]
87778087,CCCCCCCCCCCC[N+](CCCC)(CCCC)CCCCCCCCCCCC.[Cl-]
87778063,CCCCCCCCC[N+](CCCCC)(CCCCC)CCCCC.[Cl-]
87778041,CCCCCCC[N+](CCCC)(CCCC)CCCCCCC.[I-]
87778039,CCCCCCCCC[N+](CCCC)(CCCC)CCCC.[Cl-]
87778023,CCCC[N+](CCC)(CCC)CCCC.[Br-]
87778018,CCCCCCC[N+](CCC)(CCC)CCCCCCC.[Br-]
87778012,CCCCCCC[N+](CCCCCC)(CCCCCC)CCCCCCC.[Cl-]
87778005,CCCCCC[N+](CCCC)(CCCC)CCCCCC.[I-]
87777964,CCCCCCCC[N+](CCCCCCC)(CCCCCCCC)CCCCCCCC.[Cl-]
87777963,CCCCCCC[N+](CCCCC)(CCCCC)CCCCCCC.[I-]
87777959,CCCCC[N+](CCCC)(CCCCC)CCCCC.[I-]
87777944,CCCCCCCCCC[N+](CCCCCCC)(CCCCCCC)CCCCCCCCCC.[Cl-]
87777941,CCCCCCCCC[N+](CCC)(CCC)CCCCCCCCC.[Cl-]
87777925,CCCCCC[N+](CCC)(CCC)CCCCCC.[Cl-]
87777918,CCCCCCCCCCCC[N+](CCCCCCC)(CCCCCCC)CCCCCCC.[Cl-]
87777914,CCCCC[N+](CCC)(CCC)CCCCC.[I-]
87777904,CCCCCCC[N+](CCCC)(CCCCCCC)CCCCCCC.[Br-]
87777903,CCCCCCCCCCCCCCCC[N+](CCCCCCC)(CCCCCCC)CCCCCCCCCCCCCCCC.[Cl-]
87777900,CCCCCCCC[N+](CCCCCC)(CCCCCC)CCCCCCCC.[Cl-]
87777897,CCCCCC[N+](CCC)(CCC)CCCCCC.[Br-]
87777894,CCCCCCCCCCCC[N+](CCCCC)(CCCCC)CCCCC.[Cl-]
87777887,CCCCCC[N+](CCCCC)(CCCCC)CCCCCC.[Br-]
87777886,CCCCCCCCCCCCCCCC[N+](CCCCCCCC)(CCCCCCCC)CCCCCCCC.[Cl-]
87777883,CCCC[N+](CCC)(CCC)CCCC.[I-]
87777869,CCCCCCCC[N+](CCCCC)(CCCCC)CCCCCCCC.[Cl-]
87777858,CCCCCC[N+](CCCCC)(CCCCCC)CCCCCC.[Br-]
87777791,CCCCCCC[N+](CCC)(CCC)CCCCCCC.[I-]
87777785,CCCCCCCCCCCCCC[N+](CCCCC)(CCCCC)CCCCCCCCCCCCCC.[Cl-]
87777760,CCCCCC[N+](CCCC)(CCCCCC)CCCCCC.[I-]
87777741,CCCCCCCCCC[N+](CCCCCCCC)(CCCCCCCC)CCCCCCCC.[Cl-]
87777715,CCCCCCCCCCCCCC[N+](CCCCCC)(CCCCCC)CCCCCCCCCCCCCC.[Cl-]
87777671,CCCCCCCCC[N+](CCCC)(CCCC)CCCCCCCCC.[Cl-]
87777662,CCCC[N+](CCC)(CCC)CCCC.[Cl-]
87777646,CCCCCCC[N+](CCCCC)(CCCCCCC)CCCCCCC.[Cl-]
87777622,CCCCCCCCC[N+](CCCCCC)(CCCCCC)CCCCCCCCC.[Cl-]
87777620,CCCCCCCCCC[N+](CCCCC)(CCCCC)CCCCCCCCCC.[Cl-]
87777597,CCCCCCC[N+](CCCCCC)(CCCCCCC)CCCCCCC.[Br-]
87777586,CCCCCCCC[N+](CCCCCCC)(CCCCCCC)CCCCCCC.[Cl-]
87777583,CCCCCC[N+](CC)(CC)CCCCCC.[I-]
87777516,CCCCCCCCCCCCCC[N+](CCCCCCC)(CCCCCCC)CCCCCCC.[Cl-]
87777513,CCCCCCC[N+](CCCCCC)(CCCCCC)CCCCCCC.[Br-]
87777505,CCCCC[N+](CCCC)(CCCC)CCCCC.[Cl-]
87777500,CCCCCCCCCCCCCCCC[N+](CCCCCCC)(CCCCCCC)CCCCCCC.[Cl-]
87777497,CCCCCCCCCCC[N+](CCCCCCCC)(CCCCCCCC)CCCCCCCC.[Cl-]
87777477,CCCCCCCCCC[N+](CCCCCC)(CCCCCC)CCCCCC.[Cl-]
87777464,CCCCCC[N+](CCCCC)(CCCCC)CCCCC.[Br-]
87777453,CCCCC[N+](CCC)(CCCCC)CCCCC.[I-]
87777448,CCCCCCCCC[N+](CC)(CC)CCCCCCCCC.[Cl-]
87777433,CCCCCCCCCCCCCCCCCC[N+](CCCCC)(CCCCC)CCCCCCCCCCCCCCCCCC.[Cl-]
87777425,CCCCCCC[N+](CCCCC)(CCCCC)CCCCCCC.[Cl-]
87777409,CCC[N+](CC)(CC)CCC.[I-]
87777392,CCCCCCC[N+](CC)(CC)CCCCCCC.[I-]
87777391,CCCCCCCCCCC[N+](CCCC)(CCCC)CCCC.[Cl-]
87777377,CCCCCCC[N+](CCCCC)(CCCCCCC)CCCCCCC.[Br-]
87777355,CCCCC[N+](CC)(CC)CCCCC.[Br-]
87777342,CCCCCC[N+](CCCCC)(CCCCCC)CCCCCC.[I-]
87777294,CCCCCCCCCC[N+](CCCCC)(CCCCC)CCCCC.[Cl-]
87777285,CCCCCC[N+](CCCCC)(CCCCC)CCCCC.[I-]
87777264,CCCCCC[N+](CCCC)(CCCC)CCCCCC.[Cl-]
87777253,CCCCCCCCC[N+](CCCCCCC)(CCCCCCC)CCCCCCCCC.[Cl-]
87777238,CCCCCCCCCCC[N+](CCCCCCC)(CCCCCCC)CCCCCCC.[Cl-]
87777237,CCCCCCCC[N+](CCCCCCC)(CCCCCCC)CCCCCCCC.[Cl-]
87777230,CCCCCCCCCCCCCC[N+](CCCCC)(CCCCC)CCCCC.[Cl-]
87777216,CCCCCCC[N+](CCCCCC)(CCCCCC)CCCCCC.[Cl-]
87777202,CCC[N+](CC)(CC)CCC.[Cl-]
87776889,CCCCCCC[N+](CCCCC)(CCCCC)CCCCC.[I-]
87776871,CCCCCCCC[N+](CCCCCC)(CCCCCC)CCCCCC.[Cl-]
87776841,CCCCCCCC[N+](CCC)(CCC)CCCCCCCC.[Cl-]
87776836,CCCCCC[N+](CCCC)(CCCC)CCCCCC.[Br-]
87776823,CCCCCCCCCCCC[N+](CCCCCC)(CCCCCC)CCCCCC.[Cl-]
87776801,CCCCCCCCC[N+](CCCCC)(CCCCC)CCCCCCCCC.[Cl-]
87776788,CCCCCCC[N+](CCCC)(CCCCCCC)CCCCCCC.[I-]
87776772,CCCCCCCCCCCCCC[N+](CCCCCCCC)(CCCCCCCC)CCCCCCCC.[Cl-]
87776767,CCCCCCC[N+](CCCCC)(CCCCCCC)CCCCCCC.[I-]
87776762,CCCCC[N+](CCCC)(CCCC)CCCCC.[I-]
87776743,CCCCCCCCCCC[N+](CCCCCC)(CCCCCC)CCCCCC.[Cl-]
87776714,CCCCCCCCCCCCCCCCCC[N+](CCCCCCC)(CCCCCCC)CCCCCCCCCCCCCCCCCC.[Cl-]
87776712,CCCCCCCCCCCCCC[N+](CCCCCCC)(CCCCCCC)CCCCCCCCCCCCCC.[Cl-]
87776707,CCCCCCCCCCC[N+](CCCCC)(CCCCC)CCCCC.[Cl-]
87776697,CCCCCCCCCC[N+](CCCC)(CCCC)CCCCCCCCCC.[Cl-]
87776693,CCCCCCCCCCCC[N+](CCCCCCC)(CCCCCCC)CCCCCCCCCCCC.[Cl-]
87776675,CCCCCCC[N+](CCC)(CCC)CCCCCCC.[Cl-]
87776671,CCCCCC[N+](CCC)(CCC)CCCCCC.[I-]
87776650,CCCCCCCC[N+](CCCCC)(CCCCC)CCCCC.[Cl-]
87776620,CCCCCCC[N+](CC)(CC)CCCCCCC.[Cl-]
87764462,CCCC[N+](CCCC)(CCCC)CCCC.CCCCI.[I-]
87670039,CCCC([N+](C(CCC)F)(C(CCC)F)C(CCC)F)F.[F-]
87650673,CCCCCCCCCC[N+](C)(CCCCCCCCC)CCCCCCCCCC.[Cl-]
87479304,CCCCCCCCCCC[N+](CCC)(CCC)CCC.[Cl-]
86242437,CCCC[N+](CCCC)(CCCC)CCCC.O.O.[Cl-]
86229497,CCCCCCCCCCC[N+](CCCCCCCCCCC)(CCCCCCCCCCC)CCCCCCCCCCC.[Cl-]
86082102,CCCC[N+](C)(C)CCC.[Cl-]
86061370,CCCCCCCCCC[N+](C)(CC)CC.[Cl-]
86035117,CCCC[N+](C)(CC)CC.[Br-]
85992863,CCCCCC[N+](CC)(CC)CCCCCC.[Br-]
85976032,CCCC[N+](CCCC)(CCC(C)C)CCC(C)C.[Br-]
85886164,CCCC[N+](C)(C)CC.[Cl-]
85791603,CCCCCCC[N+](CCCC)(CCCC)CCCC.[Cl-]
85717239,CCCCCCC[N+](CCC)(CCC)CCC.[Br-]
85717236,CCCCC[N+](CCC)(CCC)CCCCC.[Br-]
85665715,CCCCCCC[N+](CCCCCC)(CCCCCCC)CCCCCCC.[I-]
71449174,CCCC[N+](CCCC)(CCCC)CCCC.Br.Br.[Br-]
71444381,C[N+](C)(C)CCCC[N+](C)(C)C.[Cl-].[Cl-]
71418199,CCCC[N+](C)(C)CCCC[N+](C)(C)CCCC.[I-].[I-]
71417355,CCC[N+](CCC)(CCC)CCCCC[N+](CCC)(CCC)CCC.[I-].[I-]
71409984,CCCCCCCCCCCCCCCCCC[N+](C)(C)CCCC.[Cl-]
71385129,CCCCC[N+](C)(C)CCCC.[Cl-]
71382091,CCCCCCC[N+](C)(CCC)CCCCC.[I-]
71382087,CCCCCCC[N+](CCCC)(CCCCC)CCCCCC.[I-]
71366277,CCCCC[N+](CC)(CCC)CCCC.[I-]
71347115,CCCCCCCCCCCCCCCCCC[N+](C)(CCCC)CCCCCCCCCCCCCCCCCC.[Cl-]
71340171,CC(C)C[N+](C)(CC(C)C)CC(C)C.[Cl-]
71334519,CCCCCCCCCCCCCCCC[N+](C)(CC)CCCCCCCCCCCCCCCC.[Cl-]
71320751,CCCCCCCCCCCCCCCCCCCCCCCCCCCCCCCCCCCC[N+](C)(C)CCCCCCCCCCCCCCCCCCCCCCCCCCCCCCCCCC.[Cl-]
71318844,CCCCCCCCCCCCCCCCCCCCCCCC[N+](CC)(CC)CC.[Cl-]
51000427,CCCC[N+](CCCC)(CCCC)CCCC.CCCC[N+](CCCC)(CCCC)CCCC.[Cl-].[Cl-].[Cl-].[Cl-].[Cl-].[Cl-].[Pd+2].[Pd+2]
42638705,CCCCCCCCCCCCCCCCCCCCCC[N+](CC)(CC)CC.[Cl-]
25141921,CCCC[N+](CCCC)(CCCC)CCCC.[Cl-].[Cl-].[Cl-].[Cl-].[Au+3]
23372323,CCCC[N+](C)(CCCC)CCCC.CCCC[N+](CCCC)(CCCC)CCCC.[Cl-].[Cl-]
23211838,CCCC[N+](CCCC)(CCCC)CCCC.CCCC[N+](CCCC)(CCCC)CCCC.[F-].[Cl-]
23124560,CCCC[N+](CCCC)(CCCC)CCCC.N.[F-]
23039133,CC[N+](CC)(CC)CC.CC[N+](CC)(CC)CC.[Cl-].[Br-]
22989420,[H-].[H-].[H-].CCCC[N+](CCCC)(CCCC)CCCC.CCCC[N+](CCCC)(CCCC)CCCC.CCCC[N+](CCCC)(CCCC)CCCC.CCCC[N+](CCCC)(CCCC)CCCC.[F-]
22621406,CCCC[N+](CCCC)(CCCC)CCCC.O.O.O.O.[F-]
22258722,[H+].CCCC[N+](CCCC)(CCCC)CCCC.[F-].[F-]
22011686,CCCC[N+](CCCC)(CCCC)CCCC.[OH-].[Na+].[Br-]
21947912,CCCC[N+](CCCC)(CCCC)CCCC.CCCC[N+](CCCC)(CCCC)CCCC.[Br-].[I-]
21276552,CCCC[N+](CCCC)(CCCC)CCCC.O.O.O.O.O.[F-]
20213714,CCCC[N+](CCCC)(CCCC)CCCC.[F-].[F-].[K+]
19988508,CCCCCCCCCCCCCCCCCCCCCCCCCC[N+](C)(C)CCCCCCCCCCCCCCCCCCCCCCCCCC.[Cl-]
19854292,CCCCCCCCCCCCCCCCCC[N+](C)(CCC)CCCCCCCCCCCCCCCCCC.[Cl-]
17922816,CCCC[N+](CCCC)(CCCC)CCCC.CCN(CC)CC.[Br-]
15913919,CCCC[N+](CCCC)(CCCC)CCCC.CCCC[N+](CCCC)(CCCC)CCCC.[Cl-].[Cl-].Cl[Pt]Cl
15792191,CCCC[N+](CCCC)(CCCC)CCCC.[Br-].Br[Au]
15787902,CCCC[N+](CCCC)(CCCC)CCCC.[Br-].Br[Au](Br)Br
15639870,CCCCCCCCCCCCCCCCCC[N+](CCCCCCCCC)(CCCCCCCCC)CCCCCCCCC.[Cl-]
15379464,CCCC[N+](CCCC)(CCCC)CCCC.CCCC[N+](CCCC)(CCCC)CCCC.[Cl-].[Cl-].Cl[Pt](Cl)(Cl)Cl
14475737,CCCCCCCCCCCCC[N+](CCCCCCCCCCCCC)(CCCCCCCCCCCCC)CCCCCCCCCCCCC.[Cl-]
13954681,CCCC[N+](CCCC)(CCCC)CCCC.[I-].I[Au]
13552190,CCCC[N+](CCCC)(CCCC)CCl.[Cl-]
520163,CCCCC[N+](CCCCC)(CCCCC)CCCCC.[I-]
521149,CCCCCCC[N+](CCCCCCC)(CCCCCCC)CCCCCCC.[Br-]
575009,CCC[N+](CCC)(CCC)CCC.[Br-]
6432577,CCCCCC[N+](CCCCCC)(CCCCCC)CCCCCC.O.[Cl-]
6432605,CCC[N+](CCC)(CCC)CCC.[I-]
11383808,CCCC[N+](CCCC)(CCCC)CCCC.ClCl.[Br-]
11527925,CCCCCCCCCCCCCCCCCC[N+](C)(CCCCCCCCCCCCCCCC)CCCCCCCCCCCCCCCCCC.[Cl-]
11747361,CCCC[N+](CCCC)(CCCC)CCCC.[F-]
12534444,CCCC[N+](CCCC)(CCCC)CCCC.[I-].[I-].[I-]
13598032,CCCC[N+](CCCC)(CCCC)CCCC.[Br-].[Br-].[Br-]
13726128,CC(C)C[N+](CC(C)C)(CC(C)C)CC(C)C.[I-]
15639868,CCCCCCCCCCCCCCCCCC[N+](CCCCCCCCC)(CCCCCCCCCCCCCCCC)CCCCCCCCCCCCCCCC.[Cl-]
16218634,CCCC[N+](CCCC)(CCCC)CCCC.O=[Si]=O.[F-]
18528749,CCCC[N+](C)(CCCC)CCC[N+](C)(CCCC)CCC[N+](C)(CCCC)CCCC.[I-].[I-].[I-]
19391113,CCCC[N+](CCCC)(CCCC)CCCC.[Cl-].[Cl-].[Cl-].[Br-].[Rh+2]
19735082,CCCC[N+](CCCC)(CCCC)CCCC.O.O.O.[Br-]
20431421,CCCC[N+](CCCC)(CCCC)CCCCC[N+](CCCC)(CCCC)CCCC.[Br-].[Br-]
21223134,CCCC[N+](CCCC)(CCCC)CCCC.[I-].[W+2]
21253849,[H+].CCCC[N+](CCCC)(CCCC)CCCC.[I-]
21870268,[H+].[H+].CCCC[N+](CCCC)(CCCC)CCCC.[F-].[F-].[F-]
22020579,CCCC[N+](CCCC)(CCCC)CCCC.[Br-]
22114539,CCCCCCCCCCCCCCCC[N+](C)(C)C.[Cl-]
22253707,[B].CCCC[N+](CCCC)(CCCC)CCCC.[F-]
22445513,CCCC[N+](CCCC)(CCCC)CCCC.[Cl-]
22670717,[H+].CCCC[N+](CCCC)(CCCC)CCCC.[Br-]
22733861,CCCC[N+](CCCC)(CCCC)CCCC.[NH4+].[F-].[F-].[F-].[F-].[F-]
23048565,CCCC[N+](CCCC)(CCCC)CCCCCC[N+](CCCC)(CCCC)CCCC.[Cl-].[Cl-]
23633873,CCCC[N+](CCCC)(CCCC)CCCC.[C-]#[O+].[C-]#[O+].[C-]#[O+].[C-]#[O+].[C-]#[O+].[Cl-].[Mo]
25069001,CC(C)(C)C[N+](C)(CC(C)(C)C)CC(C)(C)C.[F-]
25171259,CCCC[N+](CCCC)(CCCC)CCCC.[Cl-].ClBr
44547576,CCCC[N+](CCCC)(CCCC)CCCC.N.[Cl-].[Cl-].[Cl-].[Pt+2]
52936836,CCCCCCCC[N+](C)(CCC)CCCCCCCC.[Cl-]
53439257,CCCC[N+](CCCC)(CCCC)CCCC.[Cl-].[Cl-].[Cl-].ClI
66776312,CCC[N+]1(CCCC1)CC.[Cl-]
71752834,CCC[N+](C)(C)C.[Cl-]
87461506,CCCCCCCCCCCCCCCCCCCCCCC[N+](C)(C)CCCCCCCCCCCCCCCCCCCCCCC.[Cl-]
87708461,CCCCCCCC[N+](C)(C)CCCCCC.[Cl-]
88295241,CCCC[N+](CCCC)(CCCC)CCCC.[I-].[W]
88472180,CCCC[N+](CCCC)(CCCC)CCCC.[Co].[Br-]
89184044,CCCC[N+](CCC)(CCCC)C(CCC)[Si].[Cl-]
91873288,CCCC[N+](CCCC)(CCCC)CCCC.CCCC[N+](CCCC)(CCCC)CCCC.CCCC[N+](CCCC)(CCCC)CCCC.[Cl-].[Cl-].[Br-]
122553758,CC(C)(C)C[N+](CC(C)(C)C)(CC(C)(C)C)CC(C)(C)C.[F-]
122553768,CC(C)(C)C[N+](C)(CC(C)(C)C)CC(C)(C)C.[F-]
124089704,CCCC[N+](CCCC)(CCCC)C(C)(C)C.[Br-]
131668477,[H+].CC[N+](CC)(CC)CC.[Cl-]
131880902,CCCC[N+](CCCC)(CCCC)CCCC.O=[Cr](=O)=O.[Cl-]
132353558,CC(C)C[N+](C)(C)CCCC[N+](C)(C)CC(C)C.[I-].[I-]
134081371,CCCC[N+](CCCC)(CCCC)CCCC.[Br-]
139036084,CCCC[N+](CCCC)(CCCC)CCCC.[Cu+].[I-].[I-]
139040570,CCCC[N+](CCCC)(CCCC)CCCC.[Al+3].[Cl-].[Cl-].[Cl-].[Cl-]
139044136,CCCC[N+](CCCC)(CCCC)CCCC.[C-]#N.[C-]#N.[Cl-].[Cl-].[Au+3]
139064971,CCCC[N+](CCCC)(CCCC)CCCC.O.[O-2].[Cl-].[Cl-].[Cl-].[Cl-].[Mo]
139067319,CCCC[N+](CCCC)(CCCC)CCCC.[Cl-].[Cl-].[Cl-].[Cl-].[Fe+3]
139075487,CCC[N+](C)(C)CCC.O.[Cl-]
139083544,CCCC[N+](CC)(CC)CC.[Cl-].[Cl-].[Cl-].[Cl-].[Fe+3]
139132570,CCCC[N+](CCCC)(CCCC)CCCC.[C-]#N.[C-]#N.[Br-].[Br-].[Au+3]
139132571,CCCC[N+](CCCC)(CCCC)CCCC.[C-]#N.[C-]#N.[I-].[I-].[Au+3]
139134516,CCCC[N+](CCCC)(CCCC)CCCC.CCCC[N+](CCCC)(CCCC)CCCC.[Cl-].[Cl-].[Cl-].[Cl-].[Cl-].[Cl-].[Cl-].[Cl-].[Cl-].[Cl-].[Cl-].[Cl-].[Re].[Re].[Re].[Re]
139137733,CCCC[N+](CCCC)(CCCC)CCCC.CCCC[N+](CCCC)(CCCC)CCCC.[Cl-].[Cl-].[Cl-].[Cl-].[Cl-].[Cl-].[Pu]
139165905,CCCC[N+](C)(CCCC)CCCC.CCCC[N+](C)(CCCC)CCCC.[Cl-].[Cl-].[Cl-].[Cl-].[Cl-].[Cl-].[Cu+2].[Cu+2]
139197485,CCCC[N+](C)(CCCC)CCCC.CCCC[N+](C)(CCCC)CCCC.[Cl-].[Cl-].[Cl-].[Cl-].[Cl-].[Cl-].[Cl-].[Cl-].[Fe+3].[Fe+3]
139205013,CCCC[N+](CCCC)(CCCC)CCCC.C(I)(I)I.[I-]
139396786,CCCCCCCCC[N+](C)(C)CCC.[Cl-]
53362697,C1=CC=C(C=C1)[P+](CCCN=[N+]=[N-])(C2=CC=CC=C2)C3=CC=CC=C3.[Br-]
118256371,C1=CC=C(C=C1)[P+](CCCCCCN=[N+]=[N-])(C2=CC=CC=C2)C3=CC=CC=C3.[I-]
88520357,C[N+](C)(C)C.C1=CC=C(C=C1)P(C2=CC=CC=C2)C3=CC=CC=C3.[Cl-]
87582293,CCCC[N+](CCCC)(CCCC)CCCC.C1=CC=C(C=C1)P(C2=CC=CC=C2)C3=CC=CC=C3.[Br-]
86758912,C[P+](C1=CC=CC=C1)(C2=CC=CC=C2)C3=CC=CC=C3.[N-]=[N+]=[N-].[Na+].[Br-]
