HBD_cid,HBD_smiles
1176,C(=O)(N)N
11457650,C(=O)(N)N
636363,C(=O)(N)N
101721,C(=O)(N)N.Cl
53411231,C(=O)(N)N.Br
10197611,C(=O)(N)N
2723980,C(=O)(N)N
181299,C(=O)(N)N.S
86736265,C(=O)(N)N.[Na]
86596646,[HH].C(=O)(N)N
59101662,C(=O)([NH3+])N
22635082,C(=O)(N)N.[NH4+]
22227373,C(=O)(N)N.N
22120529,C(=O)(N)NS
12201322,C(=O)(N)N.O
11367429,C(=O)(N)NI
133083685,C(=O)(N)N.Cl.Cl.Cl
131953165,C(=O)(N)N
129798405,C(=O)(N)N[Se]S
129773145,C(=O)(N)N=[Se]
129633844,C(=O)(N)N.N#N
129628220,C(=O)(N)N[Sb]
71309436,C(=O)(N)N
71309326,C(=O)(N)N
71308962,C(=O)(N)N
59676589,C(=O)(N)[NH-].[Rb+]
54486461,C(=O)(N)N
44147494,C(=O)(N)N.[Br-]
23692105,C(=O)(N)N.[Na+].[Cl-]
22906606,C(=O)(N)N.F
22301546,C(=O)(N)NSN
22186107,C(=O)(N)N.Cl.Cl
21219856,C(=O)(N)[N+]#N
16213489,C(=O)(N)N
5359702,C(=O)(N)[NH]
145840767,C(=O)(N)N
141294216,C(=O)(N)N=[Se].S
141261221,C(=O)(N)N.ClCl
141256741,[C-](=O)N.[NH4+]
141233680,C(=O)(N)N.O=[Zn]
141182016,C(=O)(N)N.BrBr
141120069,C(=O)(N)N.FF
140352613,C(=O)(N)N=[Fe]
139715943,[Li+].C(=O)(N)[NH-]
139263372,C(=O)(N)N.[Cu+]
139235623,C(=O)(N)[NH-].[Na+]
137219787,C(=O)([NH3+])N.Br.[Br-]
136344200,C(=O)([NH3+])N.[I-]
135687120,C(=O)([NH3+])N.[Br-]
129831212,C(=O)(N)[NH-].[Zn]
129697112,C(=O)(N)[NH-].[NH2-].O=[Ni]
129637176,C(=O)(N)[Sb]N
118902296,C(=O)(N)N.F.F
91028607,C(=O)(N)N
57446744,C(=O)(N)N[Sn]
23349884,C(=O)(N)N.Br.Br
22906607,C(=O)(N)N.I
21657412,C(=O)(N)N.[Cu+2]
451202,C(=O)(N)N
6365645,[B-].C(=O)(N)N
10964392,C(=O)(N)N
18934404,C(=O)(N)N.[O-2].[Zn+2]
19845299,C(=O)(N)N.[SH3+]
19870090,C(=O)(N)N.[Na+].[Na+]
19920742,C(=O)(N)N.[Zr+2]
20249631,C(=O)(N)N.[Mg+2]
20258636,C(=O)(N)N.[Pd+2]
20267080,[C-]#N.C(=O)(N)N
20291457,C(=O)(N)N.[Fe+2]
20363350,C(=O)(N)N.[F-].[Ca+2]
21317070,C(=O)(N)N.[Ti+2]
21467749,C(=O)(N)N.[Ca+2].[Br-]
21560186,C(=O)(N)N.[Co+2]
21946481,C(=O)(N)N.[Ca+2]
22023789,C(=O)(N)N.[Si]
22123861,C(=O)(N)N.[NH4+].[Cl-]
22251333,C(=O)(N)N.N.N
22402807,C(=O)(N)N.[Ba+2]
22590922,C(=O)(N)N.[Na+]
22602564,C(=O)(N)N.[K+]
22608753,[H+].C(=O)(N)N
22625577,[Li+].C(=O)(N)N.[Cl-]
22903037,C(=O)(N)N.[Al+3].[Zr+2]
22903039,C(=O)(N)N.[Al+3].[Cl-]
23079619,C(=O)(N)N.[W+2]
23278745,C(=O)([NH3+])[NH3+]
23283747,C(=O)(N)N.[Cl-]
23469355,C(=O)(N)N.[NH4+].[Br-]
23506128,C(=O)(N)N.[Zn+2]
23700055,C(=O)(N)N.[Cl-].[K+]
25144640,C(=O)(N)N
25144776,C(=O)(N)N
53421583,C(=O)(N)N.Cl.[Cl-]
57130989,C(=O)(N)N[Si]N
57359111,C(=O)([NH-])[NH-]
57417492,C(=O)(N)N[Se]
57420513,C(=O)(N)N.[Ni]
57448906,C(=O)(N)N.[V]
57481238,C(=O)(N)N[Sb]N
71309437,C(=O)(N)N
73950289,C(=O)(N)N.[Pb]
87111967,C(=O)(N)N.[Al].Cl
87180104,C(=O)(N)N.[W]
87201502,C(=O)(N)N[Pb]
87349912,C(=O)(N)N.[Ce]
87350023,C(=O)(N)N.[Hf]
87573819,C(=O)(N)N.[Mo]
87579280,C(=O)(N)N.SS
87675783,C(=O)(N)N.[Ca]
87729930,C(=O)(N)N.Cl.[Ca]
87967568,C(=O)(N)N.[Cu]
87971476,C(=O)(N)N.[Se]
87981105,C(=O)(N)N.[Mg].Cl
88050481,C(=O)(N)N.[Zn]
88078523,C(=O)(N)N.Cl.[Pd]
88308141,C(=O)(N)N([Se])[Se]
88325909,C(=O)(N)N.[Ti]
88376164,C(=O)(N)N.[Ca].Br
88377773,C(=O)(N)N.[Al].[Zr]
88389643,C(=O)(N)N[Te]
88417798,C(=O)(N)N.[Zr]
88438558,C(=O)(N)N.[Au]
88605054,C(=O)(N)N.[Na].[Na]
88623765,C(=O)(N)N.[Pd]
88646989,C(=O)(N)N.[Pt]
88655711,C(=O)(N)N[Se].Br
88696546,C(=O)(N)N.Cl.[Zn]
88712139,C(=O)(N)[NH-].[W]
88761110,C(=O)(N)N.[Fe]
88765259,C(=O)(N)N.N.Cl
88801590,C(=O)(N)N.[Co]
88808735,C(=O)(N)N.F.[Ca]
90177242,C(=O)(N)[NH-].[Cu+]
118454914,C(=O)(N)N.N.[Ca]
124202878,C(=O)(N)N
129721034,C(=O)(N)[NH-].[PtH+]
131885161,C(=O)(N)N
135704073,C(=O)([NH3+])NCl
137191369,C(=O)([NH3+])N.[Cl-]
137424544,C(=O)(N)N.S.[Ca]
146165737,C(=O)([NH3+])[NH]
1030,CC(CO)O
7896,CC(CCO)O
753,C(C(CO)O)O
222285,C(C(C(CO)O)O)O
11164,C1C(O1)CO
10442,C(CO)CO
262,CC(C(C)O)O
14846,CC(CO)OC
169019,C(C(C(CO)O)O)O
18302,C(CO)C(CO)O
12190,COCC(COC)O
11429,CCC(CO)O
8998,C(C(C(CO)O)O)O
104840,C1CO1.C(C(CO)O)O
92127,C(C(CI)O)O
637497,CC(CCO)O
446973,CC(CCO)O
439888,CC(C(C)O)O
439846,CC(CO)O
259994,CC(CO)O
92822,COCC(CO)O
42953,C(C(COCC(CO)O)O)O
6994279,C(CO)C(CO)O
6973630,C1C(O1)CO
5460455,C1C(O1)CO
445969,C(C(C(CO)O)O)O
225936,CC(C(C)O)O
220010,CC(C(C)O)O
94215,CCOCC(CO)O
20497,CC(C(CO)O)O
1657,C(C(CF)O)O
22023661,C=O.C(C(CO)O)O
12486323,COCC(CO)OC
11170931,COC(CO)CO
6993189,CCC(CO)O
99037,CCCOCC(CO)O
23445216,CC(CO)O.O
20195342,C(C(CO)(O)O)O
16212640,C(CO)CO.C(CO)O.C(C(CO)O)O
12592183,C(C(CI)O)O
12241264,CC(C(CO)O)O
6451841,B(O)(O)O.C(C(CO)O)O
6398419,CC(C(CO)O)O
641012,CCC(CO)O
640997,C(CO)C(CO)O
547790,CC(C(C)OC)O
449470,CC(C(O)O)O
345901,CC(CO)(CO)O
156179,COCC(CO)O
139799,CC(C(C(C)O)O)O
123505,CCC(C(C)O)O
71309239,C(CO)CO
40457949,CCC(C(C)O)O
21627884,C(C(C(O)O)O)O
20162113,C(C(COS)O)O
17835330,CC(CO)OO
16213271,CC(CO)O
14819038,CC(COO)O
14120372,CCOC(CO)CO
12239075,C(C(CO)O)O
12203561,CC(C(C)O)O
11768502,C(C(CO)O)O
10630886,C(C(CO)OCC(CO)O)O
10176094,C(C(CO)O)O
7014878,COCC(CO)O
6455931,B(O)(O)O.CC(CO)O
642402,CC(CO)OC
253154,CC(C(CO)O)O
240392,CC(C)OCC(CO)O
214676,C(C(CF)O)O
208702,C(C(CF)O)O
174617,C(C(CO)O)O.[Zn]
153388,C(C(CO)O)O.O
87008,CC(C)OC(CO)CO
85759,C(COCC(CO)O)O
122674143,CC(C(C)O)O.O
87261709,C(C(C(O)F)O)O
87205914,B(C(C(CO)O)O)(O)O
71309005,CC(CO)O
59392129,C(C(COO)O)OO
58166097,COCCC(CO)O
57882501,C(CO)CO
57127623,CC(C(CO)OC)O
56636932,C(C(CO)O)O
54315362,C(C(COP)O)O
54184487,C(C(CO)O)O
54145031,C(C(CO)ON)O
54142459,C(C(COCl)O)O
45479327,C(C(C(CO)O)O)O
44148235,C(C(COOOCC(CO)O)O)O
44118659,CC(C(C)O)O
42627047,CC(CO)O.O
25199671,C(C(CO)O)O.[Zn]
23505434,CCO.C(C(CO)O)O
23069655,C(C(C(O)(O)O)(O)O)O
22709006,C(C(COOCC(CO)O)O)O
22404033,CC(C(O)(O)O)O
22286133,CC(CO)ON
22253802,C(C(CO)O)O.C(C(CO)O)O
22084329,CC(CO)[OH2+]
22002688,COCCC(CO)O
21891976,CC(CO)(O)O
21841920,C(C(C(O)I)O)O
21758503,CC(CO)OCCCO
21413945,COOCC(CO)O
19861959,C1C(COO1)O
18728334,CC(C(CO)O)O
18699327,C1C(C1O)O
17977369,C(C(COO)O)O
16750120,C1(C(C1O)O)O
16682751,C(C(CO[Bi](=O)=O)O)O
16213502,C(CO)CO
16213438,C(C(CO)O)O
15720951,COCCC(CO)O
14229398,B(O)(O)OCC(CO)O
13801163,CCC(C(CO)O)O
13536814,C(C(CO)(CO)O)O
13273098,C(C(CON)O)ON
13273090,C(C(CON)O)O
12825070,C(C(COS(=O)(=O)O)O)O
12592182,C(C(CI)O)O
12498146,CCC(C(C)O)O
12498145,CCC(C(C)O)O
12210534,CC(C(C(C)O)O)O
12203549,CC(CO)O
12201648,C(CO)CO
11275204,C(C(CO)OC(CO)CO)O
11159299,CC(C(C)OC)O
11137112,CCC(C(C)O)O
9989217,C(C(CO)O)O
6999759,CCOCC(CO)O
2733588,CC(CO)OC
547785,CCC(C(CO)O)O
448097,CC(CO)O.O
370185,C(C(C[As](=O)(O)O)O)O
155528,CCCOCC(CO)O
139597731,C(C(CO)O)O.[Na+].[Zr+2]
134159788,[H+].[CH2-]C(CO)O
132052620,C(C(CO)OOC(CO)CO)O
131953477,[H+].[H+].C(C(CO)O)O
129816999,C(CO)CO.O
129800881,C(C(C(CO)O)O)O.O
129722905,C(C(CO)O)O.Cl.Cl.Cl
129702010,C(C(CO)O)O.O.Cl
129691012,C(C(CO)(O)S)O
129674498,C(CO)CO
129206506,CCC(CO)O.O
124014110,CC(CO)O
123932223,C(C(CON)OO)O
123891545,CC(COO)O
123839150,CC(COO)O
123551841,C(C(CO[SiH3])O)O
123521494,[CH2+]CC(CO)O
123456898,C(C(C[OH2+])O)[OH2+]
123293113,C(C(C(O)[SiH3])O)O
123280770,C(C(CO[SiH]=O)O)O
123275762,C(C(CO[Si](=O)O[SiH3])O)O
122506978,CCC(C)O.C(CO)O
121494075,C1C(O[Al]O1)CO.O
118510829,CC.CCO.C(C(CO)O)O
117815306,CC.CC(C(CO)O)O
91844618,C(C(CO)O)O.[Na+].[Zr+4]
91473115,C(CO)CO
91294772,C(C(C(O)(S)S)O)O
91216283,C(CO)CO
91170468,C(C(CO)O)O
91132755,C(C(CON=S)O)O
91062988,B(O)(O)OCC(CO)OB(O)O
91038746,CC(C(O)(O)OO)O
90853312,CC(C(C)OC)O
90757343,CCC.CCC(CO)O
90727667,C(C(CO)O)O
90687902,CCOOCC(COO)O
89781510,C(C(C(O)O)O)O
88843069,CC(C(C)O)O.C(CO)O
88834976,C1C(COO1)O.C(C(CO)O)O
88697853,C(CO)O.C(C(C(CO)O)O)O
88697852,C(CO)O.C(C(C(CO)O)O)O
88663211,CC(CO)O.CC(C(C)O)O
88653918,CC(C)O.CC(C(C)O)O
88619980,CC(C)O.CC(CO)O.Cl
88547398,C(C(C(COS)O)O)O
88417321,C(CO)O.C(C(CO)O)O.C(C(CO)O)O
88387482,B(O)(O)OOCC(CO)O
88375116,C(C(CO)O)O.O.O
88327948,CCO.CC(CO)O.C(C(CO)O)O
88311999,CC(C)O.CC(CO)O.C(C(CO)O)O
88240960,C[CH2-].CCC([CH-]O)O.[Zn+2]
88170707,CC(C)OC.CC(CO)O
88159281,CCCO.CCC(CO)O
88154522,CC(CO)O.CC(CO)O
88146030,CCO.CCO.C(C(CO)O)O
88044950,CCO.CC(CO)O.Cl
87989206,C(C(CO)O)O.C(C(CO)O)O.O
87985965,C(C#CC(CO)O)O
87985512,CCCOC.CC(CO)O
87963851,C(C(COBr)O)OBr
87931346,COCC(CO)OC
87930205,CC(C)(O)O.C(C(CO)O)O
87858671,CC(C)O.C(C(CO)O)O.O
87790824,CC(CO)O.COCCCO
87783641,CCC(CO)O.C(C(CO)O)O
87698709,CC.CC(C(C)(O)O)O
87641089,CCCC.C(C(CO)O)O
87640100,C(C(CO)O)O.C(C(C(CO)O)O)O
87626421,C#COCC(CO)O
87561753,CC(C(C)OO)O
87515893,CCO.CC(C(C)O)O
87483693,CC(CO)O.C(C(CO)O)O.O
87391684,C1C(OOO1)CO
87363183,C(C(C(O)OO)O)O
87362865,C(C(O)O)(C(O)O)O
87331116,C1C(OO1)CO.C(C(CO)O)O
87309234,C(CO)O.C(CO)O.C(C(CO)O)O
87293521,COOCC(COOC)O
87270403,C(C(COCC(CO)O)O)O
87238382,C(C(C(O)(O)O)O)O
87234101,CCCOOCC(CO)O
87227481,CC(CO)O.C(CO)O.C(CO)O
87220393,C(CO)C(CO)O.O
87204151,CCCCO.C(C(CO)O)O
87183112,CCCC.CC(CO)O
87169936,CC(C(C)O)O.COC
87153038,CC(C(C)OC)O
87148248,CC(CO)O.CC(CO)O
87099115,C(C(C[O-])O)O.C(C(C[O-])O)O.[Ca+2]
86614669,CC(CO)O.CO
72201055,C([C](CO)O)O
71309105,C(CO)CO
71309096,CC(CO)O
71308889,C(CO)CO
69747772,C1C(C1O)O.C(CO)CO
60152447,CC(CO)O.O.[OH-].[Al+3].[Cl-]
60055122,C(C(CO)O)O.[Y]
59971972,[B]CC(CO)O
59957104,[CH]1C(O1)CO
59915782,[CH](C(C(O)O)O)O
59902700,[CH]C(CO)O
59890033,[CH2-]C(CO)O.[Rf]
59682502,[CH2-]C(CO)O.[CH2-]C(CO)O.[Rf]
59645032,C(C(CO)O)O
59645029,C(C(CO)O)O
59645028,C(C(CO)O)O
59645025,C(C(CO)O)O
59645024,C(C(CO)O)O
59645023,C(C(CO)O)O
59645022,C(C(CO)O)O
59645021,C(C(CO)O)O
59645020,C(C(CO)O)O
59645019,C(C(CO)O)O
59645018,C(C(CO)O)O
59645017,C(C(CO)O)O
59645016,C(C(CO)O)O
59645015,C(C(CO)O)O
59645014,C(C(CO)O)O
59645013,C(C(CO)O)O
59645012,C(C(CO)O)O
59645011,C(C(CO)O)O
59645010,C(C(CO)O)O
59645007,C(C(CO)O)O
59645006,C(C(CO)O)O
59609133,CCC(C[O-])O.[Na+]
59609131,C(C(C[O-])O)[O-].[Na+].[Na+]
59599956,C(C(CO)O)O.[Rf]
59599954,C(C(CO)O)O.[Rf].[Rf].[Rf]
59596539,CC(C)OCC(CO)O
59503333,COCC(CO)O.[Re].[Rf]
59446180,CCC(C(C)O)O
59435309,COCC(CO)O.[Y]
59392128,C(C(COO)O)OO.[Rf].[Rf].[Rf]
59348021,[CH]CC(CO)O
59269245,[CH]CCC(CO)O
59229376,C(C(C(CO)O)O)[OH2+]
59229262,C(C(C[O-])O)[OH2+].[Na+]
59163880,C(C(CO)O)O.Cl[Ti](Cl)Cl.Cl[Ti](Cl)Cl.Cl[Ti](Cl)Cl
59163879,C(C(CO)O)O.[Ti].[Ti].[Ti]
59153531,[B](O)OCC(CO[B]O)O
59149373,[CH]C(CO)O
59149364,[CH]C(CO)O
59114119,CCC([CH-]O)O.[U]
59114090,C[CH-]C(CO)O.[U]
59100690,CC(C(C(C)[O-])O)[O-]
59100689,CC(C(C(C)O)O)O
59094426,C1C(O1)CO
59083392,CC([CH]O)O
59080007,CC(CCO)O
59075452,C1C(C1O)O
59075449,C1C(C1O)O
59026256,CC(C(C)OC)O
59003326,CC(C(C)OC)O
58925534,CC(C(C(C)O)O)O
58866064,C(C(CO)O)O.[Y]
58855524,C1C(O1)CO.[Rf]
58816665,CC(CO)O
58761517,CC(CO)O[CH]
58756301,CC([CH]O)O
58729191,C(C(CO)O)O
58720430,[CH2-]OCC(CO)O.[Rf]
58618340,CC(C(C)O)O
58426143,C(C(CO)O)O.[Y]
58273246,C(C(CO)O)O.C(C(CO)O)O.O=[Ti]
58185744,CC(C[O])O
58185743,CC(C[O])O
57869848,[CH]CC(CO)O
57869847,[CH]CC(CO)O
57810628,C(C[OH2+])CO
57734190,C([C-](CO)O)O
57702441,C(C(CO[Al])O)O.O.O
57689436,C(C(CO)O)O.[U].[U].[U]
57689435,COCC(CO)OC.[Ru]
57676243,[CH](C([CH]O)O)O
57585273,[CH]OCC(CO)O
57423862,C(C(CON)ON)O
57236291,C(C(COS(=O)OCC(CO)O)O)O
57220636,C(COO)C(COO)O
57219119,CC(C)OOCC(CO)O
57193861,C(C(COS)O)ON
57192062,C(C(COCl)OCl)O
57173162,CC(C)(O)OOCC(CO)O
57137340,[B]OOCC(CO)O
57121141,CC(C(C)OOCCO)O
57094863,C(C(COOO)O)O
57093281,CCOOCC(CO)O
57072918,C(C(COOOO)O)O
57056659,CC(C(COC)OC)O
57053666,[B](O)OOCC(CO)O
57035454,CC(C(CO)OC)OC
57021692,C(C(COOP(O)O)O)O
56637290,C(CO)COOCCO
54557152,CC(C(CO)O)(O)O
54484461,[B]COC(CO)CO
54307162,CC(CO)O
54307122,CCC(C[O-])O
54227904,CC(CO)OC.CO
54223488,CC(CO)OOCC(C)O
54184486,C(C(CO)O)O
54137638,C(C(COS(=O)[O-])O)O
54131905,C(C(CO[Si](=O)O)O)O
54104166,C(C(COF)O)O
53994547,C#N.C(C(CO)O)O
53991117,C(C(COS(=O)O)O)O
53952034,CC(C(CO)OC)OC
53945394,C(C(C(CF)O)O)F
53945393,C(C(C(CF)O)O)F
53805386,COOC(CO)CO
53784473,[B](O)OCC(CO)O
53759500,C(C(CO[Si](O)(O)O)O)O
53708676,C(C(CO)O)C(O)(O)O
53628390,CC(C)OCC(CO)O
42627472,C1C(O1)CO.O
42626601,C1C(OO1)CO
36689483,C(C(COCC(CO)O)O)O
25240866,C(C(CO)O)O
25240475,C(C(CO)O)O
23692791,C(C(C[O-])O)O.[Na+]
23618335,C(C(COBr)O)O
23524846,CC(COOC)O
23506506,CC(CO)O.CC(CO)O
23502641,C(C(CO)O)O.OS(=O)(=O)O
23282319,CC(C(C)O)O.C(C(CO)O)O
23282318,CCO.C(C(CO)O)O.C(C(CO)O)O
23195769,CC(C)O.C(CO)CO
23064406,C(C(COSSOCC(CO)O)O)O
23051929,CC(CO)O.Cl
22981474,C1C(O1)CO.[Ac]
22952879,C(C(COPCl)O)O
22928510,CC(C(O)F)O
22924250,C(C(CO)O)O.C(C(CO)O)O.N
22889104,C1C([OH+]1)CO
22666609,C(C(CO)O)O.C(C(C(CO)O)O)O
22647644,CC(CCO)O.CC(CO)O
22641261,CC(C)O.C(C(CO)O)O
22572615,C(C(CO)(O)F)O
22571161,CC(COCCCO)O
22563654,CC.C(CO)C(CO)O
22497775,CC(CCO)O.O
22481615,CC(C(COC)O)O
22481613,CCCCC.C(C(CO)O)O
22377413,C(C(CO)O)O.C(=O)(O)O
22222901,C(C(COSOCC(CO)O)O)O
22138134,C=C.C=C.C(C(CO)O)O
22121557,C(C(COI)O)O
22105187,CC(CO)OOCCO
21988071,CC(CO)O.C(C(CO)O)O
21959973,CCOC.CC(CO)O
21895936,CCOCC(CO)OC
21703235,C(C(CO)O)O.C(C(CO)O)O.C(C(CO)O)O
21696471,C(CCO)CO.C(C(CO)O)O
21693792,C(CO)COCC(CO)O
21571544,CC(C(CO)OC)OC
21516237,B(O)(OCC(CO)O)OCC(CO)O
21510339,C1CC1.C(C(CO)O)O
21365908,CC(C(C(C)[O-])O)[O-]
21360298,C(C(C(CF)O)O)F
21344270,C(C(COCF)O)O
21286640,CCOC(CO)COC
21254521,C(C(CO)O)O.Cl
21044997,CC(CO)O.[Y].[Y]
20776434,CC(C(C)[O-])O
20756428,C(CO)C[Te]CC(CO)O
20756427,C(CO)C[Se]CC(CO)O
20721603,CC(CO)O
20544379,CC(CCO)O.C(C(CO)O)O
20392823,CCC.C(C(CO)O)O
20285649,C(C(CO[Si](=O)O)O[Si](=O)O)O
20149008,CC(CO)O.CC(C(C)O)O
20136844,CCO.CC(CO)O
19935884,CC(C(O)(O)OOO)O
19872313,CC(C[O-])O
19797974,CC(CCO)O.C(CO)O
19779054,CCCO.C(C(CO)O)O
19087375,C(C(COO)OO)O
19073867,CC(C)O.CC(CO)O
19067848,C(COC(CO)CO)O
19025094,[B](O)OC(C)CO
18762346,C1C(C(C1O)O)O
18699574,C(C(CO)O)O.N
18699326,C1C(C1O)O.C(C(CO)O)O
18522747,CC(CO)O.C(CO)CO
18513331,C(CO)C(CO)O.C(C(CO)O)O
18419762,CC(C(C)(O)O)O
18403548,CC(C(CO)(O)O)O
18179174,C(CO)CO.C(C(CO)O)O
17889301,CCCO.CC(CO)O
17846165,CCC(CO)O.C(CO)CO
17820517,C[CH2-].C[CH2-].C(C(CO)O)O.[Zn+2]
16218180,C(C(CO)O)O
16212396,CC(CO)O.C(CO)O.C(C(CO)O)O
16211950,C(C(CO)O)O
15939121,CC(C(O)O)O
13533141,C(C(C[O-])[O-])O.[Zn+2]
13521797,C(C(COCC(CO)O)O)O
13520626,CCCOC(CO)CO
12486324,COCC(CO)OC
12239080,C(C(CO)O)O
12239079,C(C(CO)O)O
12239078,C(C(CO)O)O
12201647,C(CO)CO
11957419,[B-](O)(O)(O)OCC(CO)O
11182572,C(C(CO)O)O
10129990,CC(CO)O.C(CO)O
4369411,C(C(C(O)O)(O)O)O
3084966,C(CO)O.C(C(CO)O)O
641249,C(C(C(O)O)O)O
448355,C(C(CO)OS(=O)(=O)O)O
444702,C1C(OO1)CO
183035,CC(C(C)O[O])O
34544,CCCCO.CC(CO)O
145809993,CC(CO)O.O.O.O.O.O.O.O.O.O.O
145736221,C(C(C(O)[Si])O)O
145734211,C(C(CO)O)O.O.O.O.O
144217645,CC.COCC(CO)OC
144192472,C(CO)C(CO)O.Cl
143171042,C(C(CO)O)O.N.N.N
141741539,CC[Hg]CC(CO)O
141574116,CCO.CCO.CCO.C(C(CO)O)O
141537353,C(C(CO)O)O.OCl
141518817,C(C(CO)OCl)O
141516590,C(C(COBr)O)O
141509658,C(C(O)(O)O)(C(O)(O)O)O
141497968,C(C(C(O)I)O)O
141439357,CCC(COS)O
141375104,C(C(CO)OBr)O
141306303,C(C(COCl)O)OCl
141295845,CC.CCC(CO)O
141292000,C(C(CO)OI)O
141245088,C1C(OOO1)CO
141240281,C(C(COCl)O)O
141237758,CC(C(C)O)O.C(CO)CO
141185193,CCC(CO)O.Cl
141098557,C(C(CO)O)O.C(O)O
141036309,C(C(COS)OS)O
140979454,C(C(CO)O)O.N#N
140975093,C(C(C(CO)O)O)O.O
140784073,CC(CO)O
140777025,C(CO)C(CO)O
140698935,C(C(CO)O)O.O.O.O
140672064,[CH+]1C(O1)CO
140636466,[CH2]OCC(CO[CH2])O
140609148,CCC(CO)O
140536603,C(C(C(CO)O)O)O.Cl
140531900,C(C(CO)O)O.O.O.O.O.O.O.O.O.O.O.O.O
140506514,C(C(CO)O)O.O.O.O.O.O.O.O
140484123,CC(CO)O.O.O.O
140464771,CC(C(C(C)[O-])O)[O-]
140349346,C(C(C(=[Fe])O)O)O
140322974,CC(C(C)O)O.Br
140322967,CCC(CO)O.Br
140322939,C(C(CO)O)O.Br
140322842,CC(C(C)O)O.Cl
140322820,C(C(C(CO)O)O)O.Br
140322802,C(C(C(CO)O)O)O.Cl
140125695,CCC(C)OOCCO
140072342,CC(C(C(O)(O)O)O)O
139950945,C(C(C(O)O)O)O.O
139765727,CCO.CC(CO)O.C(C(CO)O)O.O
139708506,C(C(C(CO)O)O)O.O
139706962,CCC(C(C)O)O.O
138753645,COCC(COC)O
138753644,COCC(COC)O
137370245,CC(CO)O.Br
135016366,[CH2+]C(CO)O
134859038,C=[O+]C(CO)CO
134859037,C=[O+]CC(CO)O
134853259,C(C(CO)[OH2+])O
134853004,CC(C[OH2+])O
134852946,[CH2+]C(CO)O
134836343,C=[O+]CC(CO)O
134686931,C(C([CH-]O)O)O.[Zn]
133064738,CC(C(C)OO)O
133064662,CC(C(C)OO)O
133064360,CC(C(C)OO)O
133064221,CC(C(C)OO)O
132257091,CCC(CO)O.O
130651404,CC(C(O)O)O
129891534,C(C(COBr)OBr)O
129890434,C(C(O)I)(C(O)I)O
129829992,C(C(CO)O)O
129752575,CC(CO)O.O=[Ti]
129733073,C(C(C(COO)O)O)O
129726205,C(C(COCl)O)ON
129716767,[Li+].C(C(C([CH-]O)O)O)O
129688018,C(C(CO)O)O.O.O.O.[Al]
129677594,[CH2-]C(CO)O.[Na+]
129676924,C(C(C(CO)O)O)O.O
129656519,C(C([CH-]O)O)O.[Rh]
129286982,C(C(COF)OF)O
126655525,C(CO)C(CO)O
126655470,C(CO)C(CO)O
123903596,C(C(CONO)O)O
122645066,C(C(CO)OF)O
121292896,CCO.CC(C)O.C(C(CO)O)O
117986990,C(C(C(CI)O)O)O
101591141,CC(C(C(C)O)O)O
91531337,C(C(CO)O)O
91520607,C(C(CO)O)O
91510860,C(C(CO)O)O
91397069,C(C(CO)O)O
91381432,C(C(CO)O)O
91366743,C(C(CO)O)O
91352487,C(C(CO)O)O
91334142,C(C(CO)O)O
91318943,C(C(CO)O)O
91281662,C(C(CO)O)O
91248896,C(C(CO)O)O
91241207,C(C(CO)O)O
91222003,C(C(CO)O)O
91210344,C(C(CO)O)O
91199623,C(C(CO)O)O
91191661,C(C(CO)O)O
91191340,C(C(CO)O)O
91174896,C(C(CO)O)O
91162261,C(C(CO)O)O
91151604,C(C(CO)O)O
91107541,C(C(CO)O)O
91084810,C(C(CO)O)O
91072085,C(C(CO)O)O
91043481,C(C(CO)O)O
91025679,C(C(CO)O)O
90995761,C(C(C(O)[Si])O)O
90977701,C(C(CO)O)O
90971474,C(C(CO)O)O
90944029,C(C(CO)O)O
90923545,C(C(CO)O)O
90920101,C(C(CO)O)O
90858888,C(C(CO)O)O
90809457,C(C(CO)O)O
90793676,C(C(CO)O)O
90760160,C(C(CO)O)O
90756436,C(C(CO)O)O
90724407,CC(CO)O
90709925,C(C(CO)O)O
90084969,COCC(CO)O.O
89644840,C(C(C[Se][Se]CC(CO)O)O)O
88944418,C(C(C(CO)OO)O)O
88818197,C(CO)C(C(O)(O)O)O
88772525,C(C(COP(O)O)O)O
88522993,C(C(C(O)(O)O)(O)O)(O)O
88494230,C(C(CO)O)O.Cl.Cl
88445555,CC(CO)OC.O
88198929,C(C(CO)O)O.P
88028734,CCC.C(C(COO)O)O
87967090,CC(CO)O.CC(CO)O.C(C(CO)O)O
87764665,COOCC(CO)OOC
87755954,CC(C)O.C(CO)CO.C(CO)O
87587005,CC(CO)O.Cl.Cl
87575991,C(C(COS)O)OS
87573574,C(CF)C(CO)O
87554629,CC(CO)O.O.O
87462306,CCC(C(C)O)O
87388300,C(C(CO)O)O.NO
87354869,C(C(CO)O)O.F
87339602,CCOOCC(C)O
87292935,CCO.C(C(CO)O)O.O
87275632,C(C(CO)O)O.[OH-].[K+]
87075110,C(C(CO)OO)O
87060941,C(C(C(O)P)O)O
87060357,CC(C(C)OC)O
76374783,C(C(CO)O)[OH2+]
73416946,CC(CO)O.CC(CO)O
66751347,CC(C(CO)O)OC
54184488,C(C(CO)O)O
53882083,C(C(CO[Si])O)O
25023997,CCC(O)(O)O.C(C(CO)O)O
22006132,CO.C(C(CO)O)O
21873105,C=C.C(C(CO)O)O
21715449,C[As](=O)(C)OCC(CO)O
20111989,C(C(C(O)O)(O)O)(O)O
19830378,C1C(C1(O)O)O
19744172,C(C(CON)O)O.Cl
19593714,CC(C)O.C(CO)O
19096454,[B]CC(CO)O
18458477,C(C(CP)O)O
18444052,C(C(C(C[Hg]Cl)O)O)[Hg]Cl
18365833,C(C(C[Se]CC(CO)O)O)O
16212658,C(CO)CO.C(CO)O
13833785,C1C(OO1)CO
13801164,CCC(C(CO)O)O
12241263,CC(C(CO)O)O
12239082,C(C(CO)O)O
12239076,C(C(CO)O)O
11636797,CCC(C(CO)O)O
11412345,C(C(CO)O)O
11251965,C(C(CO)O)O
11007821,C(C(CO)O)O
10844338,C(C(CO)O)O
10486794,C1C(O1)CO
10330813,C(C(CO[Si]OCC(CO)O)O)O
10240764,C(C(CO)O)O
6995508,CCOCC(CO)O
5484406,CC(C[O])O
5288578,[HH].C(CO)CO
445135,[H+].CC(CO)O
413943,C(C(C(C[Hg]I)O)O)[Hg]I
409463,C(C(C(C[Hg])O)O)[Hg]
6327785,C(C(CO)O)O.O=[Bi]=O
9793890,C(C(CO)O)O.[Zn+2]
9837788,C(C(C(C[Se])O)O)[Se]
10313329,CC(CO)O.[Al+3].[Cl-].[Cl-]
10422057,C(C(CO)O)O.C(C(CO)O)O.O.[Ti]
10464785,C(C(CO)O)O.[O-2].[Zn+2]
10510807,C1C(O1)CO
10630887,C(C(CO)OCC(CO)O)O
12203551,CC(CO)O
12203559,CC(C(C)O)O
12203560,CC(C(C)O)O
12239072,C(C(CO)O)O
12239073,C(C(CO)O)O
12239074,C(C(CO)O)O
12239077,C(C(CO)O)O
12239081,C(C(CO)O)O
13156490,C(C[OH2+])C[OH2+]
13414487,CC(CO)OCl(=O)(=O)=O
13801165,CCC(C(CO)O)O
13801166,CCC(C(CO)O)O
14471934,C(C(C[O-])O)O
16740962,[H+].C(CO)CO
17783464,C#CO.C(C(CO)O)O
17835329,CC(CO)OO.C(COO)O
18317130,C(C(CO)O)O.[Fe+2]
18398456,C(C(CO)O)O.[Al+3].Cl.[Zr+2]
18442230,CC(CO)O.COOOC
18699573,C(C(CO)O)O.O([Si])[Si]O[Si]
18764609,B(O)(O)O.C(C(CO)O)O.N
18799069,CC(CO)O.NO
18935251,C[C-](CO)O
18952762,C(C(CO)O)O.[Ti+2]
19032056,C(C(CO)O)O.[Pb]
19098043,C(C(CO)O)O.[Mg+2]
19762023,C(C(CO)O)O.[NH4+]
19773930,CC(CO)O.[Zn+2]
19818713,C(C(CO)O)O.[OH-].[OH-].[OH-].[Ti]
19856835,C(C(CO)O[Si]([O-])([O-])[O-])O
19856836,C(C(CO)O[Si](O)(O)O)O
19863850,C(C(CO)O)O.[I-]
19902886,[B-].CC(CO)O
19918858,C(C(CO)O)O.[Si]
19962635,C1C(C1O)O.N
20033051,CC(CO)O.[Na+]
20037348,C(C(CO)O)O.OO
20040774,C(C(COO)OCl)O
20064806,C(C(CO)O[Si](=O)[O-])O
20064807,C(C(CO)O[Si](=O)O)O
20064858,C1C(C1O)O.[NH4+]
20136097,C(C(CO)O)O.[Cl-]
20153715,CC.CC(CO)O
20246465,C(C(CO)O)O.I
20249105,C(C(CO)O[Sb])O.[OH-].[OH-]
20249106,C(C(CO)O[Sb])O
20285648,C(C(CO[Si](=O)[O-])O[Si](=O)[O-])O
20371256,C(C(CO)O)O.[Al+3].[I-]
20392822,CC.C(C(CO)O)O
20406321,B(F)(F)F.C(C(CO)O)O
20479190,CC(CO)O.O[W](=O)=O
20488129,CC(CO)O[Si](=O)O
20496539,C(C(CO)O)O.[O-]S(=O)(=O)[O-].[Cu+2]
20503026,C(C(CO)O)O.[Na+].[Na+].[Na+].[Na+]
21218505,C(C(CO)O)O.[K+]
21225559,CC(CO)[O-]
21246071,[CH2-]C(CO)O
21257679,CC(CO)O.[Cl-]
21275867,CC(CCO)O.CO
21297723,CC(CO)O.O=[Zr].Cl.Cl
21327642,C(C(CO)O)O.[Co+2]
21327644,C(C(CO)O)O.[Y+3]
21529448,C(C(CO)O)O.[Ca+2]
21529449,C(C(CO)O)O.[Na+].[Mg+2]
21660673,CC([CH-]O)O
21993268,C(C(CO)O)O.[OH-].[Na+].[Cl-].[K+]
22053027,CC(CO)O.N
22222943,[H+].C(C(CO)O)O
22292225,CC(CO)O.N.N
22389710,C(C(C[O-])O)[O-]
22501501,COC.C(C(CO)O)O
22714870,[B](O)OCC(C)O
22728706,C(C(CO)O)O.[Na+]
22731161,CCC.C(C(CO)O)O.O
22942535,C(COCC(CO)O)O
22987725,C.C(C(CO)O)O
23366640,C(C(CO)OS(=O)(=O)[O-])O.[O-2]
23435252,CC(CO)O.COC
23443634,B(O)(O)OC(CO)CO
23669173,CC(CO)O.[Na+].[Cl-]
23674982,C(C(CO[S-])O)O.[K+]
23677348,C(C(CO)O)O.[OH-].[Na+]
23679428,C(C(CO)O)O.[Na+].[Cl-]
23692362,CC(CO)O.[OH-].[K+]
24884332,C(C(COCC(CO)O)O)O
25021242,C(C(CON)O)O
25240353,C(C(CO)O)O
25240354,C(C(CO)O)O
25240587,C(C(CO)O)O
25240630,C(C(CO)O)O
25241034,C(C(CO)O)O
25241135,C(C(CO)O)O
25241137,C(C(CO)O)O
25241505,C(C(CO)O)O
28765086,C(C(CON)O)O
50931197,C(C(CO)O)O.O=[Bi]=O
50932196,C(C(CO)O)O.[Sb]
51387568,CCCOCC(CO)O
53388337,CC(CO)O
53799853,C(CO)COC(CO)CO
54275238,CCC(COO)O
54489591,CC(C(COC)O)OC
56841953,C(C(CO)O)O.[OH-].[OH-].[OH-].[Al+3]
57347081,C(C(COS)O)O
57417971,[CH2]C(CO)O
57480118,C(C(CO[Pb])O)O
57702442,C(C(CO[Al])O)O
60088535,CC(C[CH]O)O
71309694,CC(C(C)O)O
71309813,CC(CO)O
71317136,C1C(O1)CO
71468604,C(C(CO)O)O.[F-].[Na+]
71662877,C(C(CO)O)O
71663057,C(C(CO)O)O
72198166,C(C(C(CO)O)O)O
73415849,C(C(CO)OCC(CO)O)O
76751791,C(C(CO)O)O.C(C(CO)O)O.O=[Ti]
76782949,C(C(CO)O)O.[Y]
77108312,C(CO)C(CO)O.[Pb+2]
79611158,CC(C(C)OC)O
79611159,CC(C(C)OC)O
85989013,C(C(CO)OS(=O)O)O
87075589,C(COOCC(CO)O)O
87090751,C(C(CO)O)O.[Cr]
87094399,C(C(C[Al])O)O
87094400,CC(CO)O.[Al]
87094411,C(C(CO)OS(=O)(=O)O)O.O
87095041,C(C(CO)O)O.[Na]
87119960,CCC(CO)OO
87130351,CCOO.C(C(CO)O)O
87158577,C(C(CO)O)O.[K]
87195094,C(C(CO)O)O.O=[Fe]
87197198,C(C(COCI)O)O
87205903,[B](O)O.CC(CO)O
87205913,[B](O)OC(CO)CO
87205915,[B](O)O.C(C(CO)O)O
87233765,CCOOCC.C(C(CO)O)O
87234088,CCOOOCC.C(C(CO)O)O
87239797,C(C(CO)O)O.[Au]
87239798,C(C(CO)O)O.[Au]
87244443,C=CO.C(C(CO)O)O
87255901,C(C(CO)O)O.OS(=O)O
87269112,C(C(CO)O)O.[O-][Mn](=O)(=O)=O.[K+]
87298840,C(C(CO)O)O.O([Si])[Si]
87320450,CC(CO)O.O.F
87328563,C(C(COSSS)O)O
87328675,C(C(COSS)O)O
87357580,C(C(CO)O)O.[Po]
87363837,C(C(CO)O)O.[N-]=[N+]=[N-]
87370265,C(C(CO)O)O.OS(=O)[O-].[Na+]
87385896,C.CC(CO)O.CO
87388299,C(C(COON)O)O
87400437,CC(CO)O.[Al].[Zr]
87400941,C(C(C[As])O)O
87406545,C(C(CO)O)O.ClCl
87420447,CC(C(COC)O)O
87434217,C(C(CO)O)O.[Zn]
87438607,C(C(CO)O)O.[Zr]
87440482,C(C(C[O-])O)O.[NH4+]
87462305,CCC(C(C)O)O
87475064,[CH2-]C(CO)O.[Al].[Zr]
87514855,C(C(CO)O)O.[O-]S(=O)(=O)[O-].[Mg+2]
87547571,CC(C)OOCCO
87556114,C(C(CO)O)O.[Ti]
87556461,[CH2-]C(CO)O.[CH2-]C(CO)O.[Ti+2]
87556462,C(C(CO)O)O.C(C(CO)O)O.[Ti]
87557456,C(C(CO)O)O.[Ti]
87560388,C(C(CO[Al]O[Al])O)O
87561445,C(C(CO)O)O.[Mg]
87576416,CC(CO)O.[O-2].[Zn+2]
87576417,CC(CO)O.O=[Zn]
87600863,C(C(CO)O)O.[Cl-].[Cs+]
87606521,CC(CO)O.[Al].Cl
87627699,C(C(CO)O)O.[O-]Cl(=O)=O.[Na+]
87630361,CC(CO)O.O=[Si]=O
87631483,B(O)(O)OC(C)CO
87641206,C(C(CO)O)O.OP(=S)(O)O
87662876,C(C(CO)O)O.[Ca]
87670116,COCC([CH-]O)O.[Au+]
87701036,C(C(CF)O)O.N
87702205,C(C(CO)O)O.[Cu]
87710598,CCOCC(CO)O.[Po]
87738312,C(C(COP)OP)O
87738313,C(C(C(O)(P)P)O)O
87785093,C(CO)C(CO)O[Si]
87792360,CC(CO)O.C(CO)CO
87856882,C(C(CO)O)O.N.N
87879936,C(C(CI)O)O.I
87886394,C(C(CO)O)O.[Al].[Zr]
87886448,C(C(CO)O)O.[Al]
87908103,COCC(CO)O.Cl
87908859,CCO.CC(CO)O.O
87919353,C(C(COO)O)O.[Po]
87953081,C(C(CO)O)O
87968493,C(C(CO[O-])O)O.[K+]
87987779,C(C(CO)O[Si])O
88006794,CC(CO)O.OCl.[Al]
88023517,C(C(CO)O)O.[O-2].[Cu+2]
88023518,C(C(CO)O)O.O=[Cu]
88034440,C(C(C(CO)O)O)O
88075309,CCOO.C(C(CO)O)O.[Na]
88163391,CC(CO)O.O[Si](=O)O
88163392,CC(CO)O.O[Si](O)(O)O
88176190,CC(CO)O.[Ca]
88188575,C(C(CO)O)O.[Fe]
88196736,[B]OCC(CO)O
88234712,CCO.C(C(CO)O)O.[Na]
88264288,C(C(COS(=O)(=O)O)O)O.O
88264558,C(C(CO[Si]O[Si]O[Si])O)O
88280328,C(C(CO)O)O.[Ca].[Zn]
88281001,C(C(CO)O)O.O.O=[Si]=O
88281359,CC(CO)O.[Mg]
88334927,C(C(CO)O)O.Cl.[Ca]
88363223,[CH2-]C(CO)O.[Ti]
88386369,C(C(COCI)O)O
88389796,CC(CO)O.[Ti]
88395959,CO.C(C(CO)O)O.O
88417596,CCCC[Sn]CCCC.C(C(CO)O)O
88417599,CCCC[Sn](CCCC)OCC(CO)O
88419611,CC(CO)O.[NH4+].[Cl-]
88446329,CCCO.CC(C)O.C(C(CO)O)O
88447542,C(C(CO)O)O.O=[Ti]=O
88447948,CC(CO)O.O(Cl)Cl.[Zr]
88466507,C(C(CO)O)O.[Cl-].[K+]
88477504,C(C(COI(=O)=O)O)O
88477505,C(C(C(O)I(=O)=O)O)O
88478536,CC(C(CO)O)O.N
88496846,CC(CO)O.[Mo]
88496866,CC(CO)O.[V]
88496933,[CH2-]C(CO)O.[V]
88503458,C(C(CO)O)O.[I-].[Cs+]
88507663,[CH2-]C(CO)O.[Mo]
88508599,C.CO.C(C(CO)O)O
88509892,C(C(CO)O)O.O.O.O.[Ti]
88509893,C(C(CO)O)O.O[Ti]=O
88514104,C(C(CO)O)O.O[Si](O)(O)O
88515598,C(C(CO)O)O.O.O[Si](=O)O
88518314,C(CO)CO.[Po]
88521829,C(C(CO)OC#CO)O
88526235,C(C(CO)O[Sb])O.O.O
88526236,C(C(CO[Sb])O)O.O.O
88526237,C(C(CO[Sb])O)O
88526238,C(C(CO)O)O.O.O.O.[Sb]
88589195,CC(C(COC)O)O
88598348,C(C(CO)O)O.[K+].[I-]
88602334,CC(CO)O.Cl.[Ca]
88606496,CCCO.C(C(CO)O)O.[Si]
88610290,CO.C(C(CO)O)O.Cl
88625982,C(C(CO[PH-])O)O
88625984,C(C(C(O)[PH-])O)O
88626594,C(C(C(O)P)O)O.[Ca]
88632623,CC(CO)O.CO.Cl
88633574,C(C(COS(=O)(=O)O)O)O
88654281,C(C(COCl)O)O.[Al]
88654485,CC(CO)O.OCl
88680928,CC(C(C)O[Se](=O)O)O
88680931,CC(C(C)O)O.O[Se](=O)O
88681604,CC(CO[Se](=O)O)O
88681606,CC(CO)O.O[Se](=O)O
88682751,C1C(O1)CO.[Po]
88709676,C(C(CO)O)O.Cl.[Sn]
88730982,CC(CO)O.CO.O
88738230,C(C(CO)OCl(=O)(=O)=O)O
88738231,C(C(COCl(=O)(=O)=O)O)O
88738233,C(C(CO)O)O.OCl(=O)(=O)=O
88750795,CC(CO)O.[K]
88762192,C(C(CO)O)O.O[Si](O)(O)O[Si](O)(O)O
88765909,CC(CO)O.[Co]
88772523,C(C(CO)OP(O)O)O
88772526,C(C(CO)O)O.OP(O)O
88775758,C(C(CO)O)O.F[Sb](F)(F)(F)F
88792005,C(C(CO)O)O.[Co]
88800173,CC(CO)O.O.O.O.[Ti]
88800174,CC(CO)O.O[Ti]=O
88804661,CC(CO)O.[OH-].[Na+]
88804666,C(C(CO[Al])O)O.O
88812012,C(C(CO)OS)O
88812656,C(C(CO)O)O.[Al].I
88812657,C(C(C(O)I)O)O.[Al]
88812658,C(C(COI)O)O.[Al]
88813021,C(C(COSO)O)O
88830469,COOOC.C(C(CO)O)O
88908635,C(C(CON(O)O)ON(O)O)O
88923410,C.CC(C(C)O)O
88986835,[B](C)CC(CO)O
88995264,[B]CCC(CO)O
89081062,CC(CO)OOOO
89116364,CC(CO)O.[Y]
89121038,CC(C(C)OS)O
89158333,C(C(CO)O)O.NON
89233205,C(C(CO[P+](O)(O)O)O)O
89265015,CCC(C(C)O)O
89303592,C#COC(CO)CO
89314447,CC(COS)O
89357848,C(C(C(O)I)O)O
89412057,C(C(C(O)O)OO)O
89508759,CCC(CO)OI
89698736,CC(CO)O.[Po]
89788054,C(C(C(CO)OS)O)O
90020850,C(C(CO)O)O.[Cu]
90040449,C[Al](C)C.C(C(CO)O)O
90097537,[B].C(C(CO)O)O
90220249,C(C(CO)O)O.O=[Ag]
90479143,C1C(O[Al]O1)CO.O
90479144,C1C(O[Al]O1)CO
90479145,C1C(O[Al]O1)CO.O
90479146,C1C(O[Al]O1)CO
90848180,CCC(C[O])O
92257131,C(COCC(CO)O)O
100974131,C[C](CO)O
101038635,CC(CO)[O]
101088852,C(C(CO[NH3+])O)O
101212820,C(C(CO)[O-])O
101224759,C(C(C(C[SeH])O)O)[SeH]
101479583,CCC(CO)[O]
101479584,CC(CCO)[O]
101608138,CC(C(COC)O)O
101616337,C[CH]C(CO)O
101989986,CC(C(C)O)O
102249536,C(C(C[SeH])O)O
102262726,C[O-].C(C(C[O-])O)O.[Ca+2]
102406858,COCC(COC)O
102467070,COCC(COC)O
102601107,CC(C(C)O)O
117064339,C(C(CO)O)O
117796450,C(C(COI)O)O
117963641,CC(C(CO)OC)O
118987195,CC(C[O-])O.O
121369559,C(C(CO)OCI)O
121494076,C1C(O[Al]O1)CO
122199544,C(C(CO)O)O
122546447,CC(CO)OS
124200287,CC(C(CO)OC)O
124203146,CC(CCO)O
126611715,C(C(COP)O)O
129288732,CCC(COF)O
129288734,C(C(COF)O)OF
129390406,CC(C(COC)O)O
129390408,CC(C(COC)O)O
130144820,C(C(C(CO)F)O)O
130207314,C(COS)C(CO)OS
130350932,C(CO)C(COF)O
130454333,C(C(CO)O)O.[Na].[Na]
130624159,CC(C(CO)OC)OC
130661191,CCOC(CO)COC
130733089,C(C(C(CO)F)O)O
130747072,CC(C(CO)OC)OC
131106649,CC(C(COC)OC)O
131110186,C(C(COS(=O)(=O)O)O)O
131178839,C(C(C(CO)F)O)O
131708659,C(C(C(CO)O)O)O
131875573,C(C(CO)O)O
132054889,CC(CO)O.COO
132061328,C(C(COSS)O)OS
132575456,CC(CO)O[O]
133673407,[B-]1([OH+]CC(O1)CO)(O)O
133673408,[B-]1(OCC(O1)CO)(O)O
133679439,[B-]1([OH+]C(CO1)CO)(O)O
134160043,CC(CO)O.[AlH3].Cl
134160044,CC(CO)O.[AlH3].Cl
134163370,CC(C(C(C)O)O)O
135334439,C(C(CO)O)O.OOO
135351774,C(C(CO)(O)O)O.N
135775433,C(C(CO)O)O
137349005,C(CO)C(C[O])O
137424636,C(C(CO)O)O.S
137502141,COC(CO)CO.Cl
138493476,CC(C(CO)O)OO
139079017,C(C(C[O-])O)O.[Na+]
139080551,C(C(CO)[O-])O.[K+]
141875161,CC(C(CO)O)O
145228046,CC(CO)OF
146196955,CC(CO)O.N.Cl
146418321,C(C(COCl)O)O.Cl.Cl
146448374,CC(CO)OCCCO
867,C(C(=O)O)C(=O)O
487,CC(C(=O)O)C(=O)O
68152,C(CO)C(=O)O
17687,C(C(=O)[O-])C(=O)[O-].[Tl+].[Tl+]
11686,CC(C)(C(=O)O)C(=O)O
9084,C(C(=O)[O-])C(=O)[O-]
23511544,[H+].[H+].C(C(=O)[O-])C(=O)[O-]
10313457,C(C(=O)[O-])C(=O)[O-].[Sr+2]
5459847,C(CO)C(=O)[O-]
538366,COC(=O)CC(=O)O
18365,C(C(=O)O)(C(=O)O)F
23673630,C(C(=O)O)C(=O)[O-].[K+]
10820511,CC(C(=O)O)C(=O)O
274406,C(C(=O)O)(C(=O)O)C(=O)O
123087,C(C(=O)O)C(=O)O
91886468,C(C(=O)[O-])C(=O)[O-].O.[Ca+2]
24190663,C(C(=O)O)C(=O)O.[Tl]
23719500,C(C(=O)O)C(=O)[O-].[Na+]
23691016,C(C(=O)O)(C(=O)[O-])F.[K+]
20163314,C(C(=O)O)(C(=O)O)I
16213460,C(C(=O)O)C(=O)O
11332425,C(C(=O)O)C(=O)O
3748644,C(C(=O)O)C(=O)[O-]
517114,C(C(=O)[O-])C(=O)[O-].[Ca+2]
86586946,[CH-](C(=O)[O-])C(=O)[O-].[Na+]
71309289,CC(C(=O)O)C(=O)O
58583240,C([C-]=O)C(=O)O.[Y]
57568682,C(C(=O)O)C(=O)O.[Ag].[Ag]
54147700,C(C(=O)O)C(=O)O
54065385,C(C(=O)OO)C(=O)OO
23615413,C(C(=O)O)C(=O)O.C(C(=O)O)C(=O)O
21759313,CC(C(=O)O)(C(=O)O)C(=O)O
19833153,CC(=O)OC(=O)CC(=O)O
19818022,C(C(=O)O)C(=O)OO
19693250,C(C(=O)[O-])C(=O)[O-].[Cu+2]
18764728,C(C(=O)O)C(O)(O)O
15696986,C(C(=O)O)(C(=O)O)S
14743556,C(C(=O)[O-])C(=O)[O-].[Ba+2]
5150397,C(C(=O)O)C(=O)O.[Pt]
2735073,C(C(=O)[O-])C(=O)[O-].O.[Na+].[Na+]
521147,C(C(C(=O)O)C(=O)O)O
81687,C(C(=O)O)C(=O)O.[Cu]
129692949,C(C(=O)[O-])C(=O)[O-].O.O.[Ca+2]
129668033,C(C(=O)O)C(=O)O.[Pd]
129664901,C(C(=O)O)C(=O)[O-].[NH4+]
129662917,C(C(=O)O)C(=O)O.[Fe]
129657670,C(C(=O)O)C(=O)O.[Cd]
123884364,C(C(=O)O)(C(=O)O)[SiH3]
123455420,C(C(=O)O)C(=O)O.C(=O)=O
91567189,CC.COC(=O)CC(=O)O
90927428,B(O)(OC(=O)CC(=O)O)OC(=O)CC(=O)O
90738293,C(C(=O)OC(=O)C(C(=O)O)F)F
90151794,CC[CH2-].C(C(=O)O)C(=O)O.N.[Na+]
88911961,CCCC(=O)O.C(C(=O)O)C(=O)O
88802620,CC(C)(C(=O)O)C(=O)O.[Cu]
88611461,[CH2-]C(=O)O.[CH2-]C(=O)O.C(C(=O)O)C(=O)O.[Ag].[Ag].[Ag+].[Ag+]
88501367,[CH3-].CC[O-].C(C(=O)O)C(=O)O.[Mg+2]
88432897,CC(=O)O.CC(=O)O.C(C(=O)O)C(=O)O
88379005,C[CH2-].CC[O-].C(C(=O)O)C(=O)O.[Mg+2]
88282473,CCC[CH2-].CCC[CH2-].C(C(=O)O)C(=O)O.[Mg+2]
88070378,CCCC.C(C(=O)O)C(=O)OBr
88068726,C[CH2-].C[CH2-].C(C(=O)O)C(=O)O.[Mg+2]
88048178,C(C(=O)OS)C(=O)OS
87957381,CC.C(C(=O)O)C(=O)OCl
87713726,CC(C)(C(=O)O)C(=O)O.Cl
87649308,C(C(=O)O)C(=O)O.O.O
87635281,COC(=O)CC(=O)O.C(C(=O)O)C(=O)O
87536244,C(COC(=O)CC(=O)O)C(=O)O
87529148,CCCC.C(C(=O)O)C(=O)OCl
87528973,CCCOOC(=O)CC(=O)O
87528870,CCOOC(=O)CC(=O)O
87502943,CC(C)(C(=O)O)C(=O)OCl
87459709,CCCC.C(C(=O)O)C(=O)OF
87435895,CCCC.C(C(=O)O)C(=O)ON
87392619,CCCC.C(C(=O)O)C(=O)O
87384424,COOC(=O)CC(=O)O
87248763,CC(C(=O)O)C(=O)O.C(C(=O)O)C(=O)O
87234242,COC(=O)CC(=O)O
87185365,CCC(=O)O.CC(C(=O)O)C(=O)O
87069295,CC(C(=O)O)C(=O)O.CC(=O)O
86738845,CO.[CH-](C(=O)O)C(=O)O.[Na+].[Na+]
86616729,C(C(=O)[O-])C(=O)[O-].O.O.[Zn+2]
86615040,COC(=O)CC(=O)O.[Cl-]
86601933,C(C(=O)[O-])C(=O)[O-].O.[Mn+2]
60113013,C(C(=O)O)C(=O)O[Al].[K]
60098719,[CH]COC(=O)CC(=O)O
60069298,C(C(=O)O)C(=O)OCF
60020201,[CH3-].[CH3-].C(C(=O)O)C(=O)O.[Pt+2]
59990316,C(C(=O)[O-])C(=O)[O-].[Rb+].[Rb+]
59985447,CC(C(=O)O)C(=O)O
59985077,C(C(=O)O)C(=O)O.[Re].[Rf]
59983783,[CH2-]C(C(=O)O)C(=O)O.[Y]
59969306,C([C-]=O)C(=O)O
59955263,C(C(=O)O)C(=O)O.[Re].[Re]
59889988,C(C(=O)O)C(=O)O.[Rf].[Rf]
59193509,C(C(=O)O)C(=O)[O-].C(C(=O)O)C(=O)[O-].[Mg+2]
59193508,C(C(=O)O)C(=O)[O-].[OH-].[Mg+2]
59045965,C(C(=[OH+])O)C(=O)O
58861805,[B]C(C)(C(=O)O)C(=O)O
58479504,[CH](C(=O)O)C(=O)O
58468454,C([CH]O)C(=O)O
58361373,[CH-](C(=O)O)C(=O)O.N=[W]
57485421,C(C(=O)O)C(=O)F
57275229,COC(=O)CC(=O)OC(=O)CC(=O)O
57107963,C(C(=O)O)C(=O)OC(=O)CC(=O)OC(=O)CC(=O)O
57072787,C(COS(=O)[O-])C(=O)O
57064007,C(COSO)C(=O)O
57047915,CC(C)(C(=O)O)C(=O)OF
56629044,C(C(=O)O)C(=O)[P+](O)(O)O
54165197,CC(C)(C(=O)O)C(=O)O
53997470,C(C(=O)O)C(=O)ON
53445323,C(C(=O)O)C(=O)O.[Na]
53443008,[CH3-].C(C(=O)O)C(=O)O.[K+]
53442826,C[CH2-].C(C(=O)O)C(=O)O.[K+]
44153226,C(C(=O)O)C(=O)O.N
24884229,C(C(=O)[O-])C(=O)[O-].O.[Ca+2]
23619706,CCC(=O)OC(=O)CC(=O)O
23527430,[B]P(O)OC(=O)CC(=O)O
23177485,C(C(=O)O)C(=O)OCl
22622759,C(C(C(=O)O)(C(=O)O)C(=O)O)O
22081019,C(C(=O)O)C(=O)O.[W].[W]
21799765,[H+].C(C(=O)[O-])C(=O)[O-].[NH4+]
21475472,C(C(=O)O)C(=O)OC(=O)CC(=O)O
21018748,[CH3-].COC(=O)CC(=O)O.[Y]
20597133,C(C(=O)O)C(=O)O.[Pa].[Pa]
20549784,C(COO)C(=O)O
20146922,C#C.C(C(=O)O)C(=O)O
20111844,B(C(C)(C(=O)O)C(=O)O)(O)O
19913916,C(#CC(=O)O)C(C(=O)O)C(=O)O
19861039,[H+].C(C(=O)[O-])C(=O)[O-].C(C(=O)[O-])C(=O)[O-]
19753733,CC(C(=O)O)(C(=O)O)F
19422336,C#C.C(C(=O)O)C(=O)O.C(C(=O)O)C(=O)O
18956355,C(C(=O)O)C(=O)OBr
18517262,C(C(=O)O)C(=O)OOOC(=O)CC(=O)O
18408119,C(C(=O)[O-])C(=O)[O-].[Cs+].[Cs+]
18408112,C(C(=O)[O-])C(=O)[O-].[Rb+].[Rb+]
16684457,C(C(=O)O[Tl])C(=O)O[Tl]
16213461,C(C(=O)O)C(=O)O
15176477,COC(=O)C(C(=O)O)F
5461058,CC(C(=O)O)C(=O)[O-]
145827429,C(C(=O)O)C(=O)O.O.O.[Pt]
145707277,C(C(=O)[O-])C(=O)OO.[Na+]
145196183,B1(OC(=O)CC(=O)O1)OC(=O)CC(=O)O
142703021,C(C(=O)O)C(=O)OOO
142384307,C(C(=O)[O-])C(=O)[O-].O.[Mg+2]
141648730,CC(C(=O)O)(C(=O)[O-])F.[Na+]
141502297,CC(C(=O)O)C(=O)O.O
141391438,CC(C(=O)O)C(=O)O
141268970,C(C(=O)O)C(=O)[O-].C(C(=O)O)C(=O)[O-].[Ca+2]
141219827,CC(C(=O)O)C(=O)O
141134747,C(C(=O)[O-])C(=O)[O-].O.[Sr+2]
141004436,C(COCl)C(=O)O
140476653,C(C(=O)O)F.C(C(=O)O)(C(=O)O)F
140406748,C(C(=O)O)C(=O)O[Tl].C(=O)O[Tl]
139635407,COC(=O)C(C(=O)O)C(=O)O
139625265,C(C(=O)[O-])C(=O)[O-].O.[K+].[K+]
138404317,C(C(=O)O)C(=O)O.[Cr]
135027177,CC(C)(C(=O)O)C(=O)O
129829194,C([CH-]O)C(=O)O.O[Co]=O
129817941,C(C(=O)O)C(=O)[O-].[Cs+]
129773389,C(C(=O)O)C(=O)O.C(C(=O)O)C(=O)[O-].[Ce]
129772685,C(C(=O)O)C(=O)O.O.O.O
129772683,C(C(=O)[O-])C(=O)[O-].O.O.[K+].[K+]
129762799,C(C(=O)O)C(=O)O.C(C(=O)O)C(=O)[O-].[Pu]
129713610,C(C(=O)O)C(=O)[O-].[Cl-].[Ca+2]
129709605,C(C(=O)O)C(=O)[O-].[NH4+].[Cu]
129698541,C(C(=O)O)C(=O)O.O.[Cd]
129692938,C(C(=O)O)C(=O)O.O.O.[Mn]
129692935,C(C(=O)O)C(=O)O.O.O.[Ni]
129692922,C(C(=O)O)C(=O)O.O.O.[Fe]
129692920,C(C(=O)O)C(=O)O.O.[Fe]
129692910,C(C(=O)O)C(=O)O.O.O.[Cu]
129692908,C(C(=O)O)C(=O)O.[Mn]
129692907,C(C(=O)O)C(=O)O.O.O.[Zn]
129692475,C(C(=O)O)C(=O)O.O.O.[Co]
129668699,C(C(=O)O)C(=O)O.[Ni]
129661826,C(C(=O)O)C(=O)O.[Mn].[Mn]
129633866,C(C(=O)O)C(=O)O.[Cu].[Cu]
129633666,C(C(=O)O)C(=O)O.[Zn]
129632318,C(C(=O)O)C(=O)O.[Co]
123723652,CC(C)(C(=O)O)C(=O)OO
90949799,CC(C(=O)O)C(=O)O
89876301,C(C(=O)O)C(=O)O.O.Cl
89288163,C(C[O-])C(=O)O.[Na+]
88615336,CC(C(=O)O)C(=O)O.Cl
88485212,C(C(=O)O)C(=O)O.Br
88296639,C(CO)C(=O)OO
87891672,CCCC.C(C(=O)O)C(=O)OO
87514857,C(C(=O)O)C(=O)O.OO
87406576,C(C(=O)O)PC(C(=O)O)C(=O)O
87378374,CCC(=O)O.C(C(=O)O)C(=O)O
87370726,C(C(=O)O)C(=O)O.O
87327095,CCC(=O)O.C(C(=O)O)C(=O)O.C(C(=O)O)C(=O)O
87209507,C(C(=O)O)C(=O)O.Cl
87194251,C(CO)C(=O)O.O
86112605,C(C(C(=O)O)C(=O)O)F
23513157,C(C(C(=O)O)C(=O)O)I
21461451,[H+].C(C(=O)[O-])C(=O)[O-].[K+]
21461005,CC(C(=O)O)C(=O)OO
21427361,CC(=O)OOC(=O)CC(=O)O
11483952,C(C(=O)[O-])C(=O)[O-].[Ag+].[Ag+]
10953440,C(C(=O)O)C(=O)O
328467,CC[Sn]CC.C(C(=O)O)C(=O)O
438004,C(C(=O)[O-])C(=O)[O-].O.O.[Cu+2]
3608759,C(C(=O)[OH2+])C(=O)[OH2+]
4082864,C[Sn](C)(C)CC(C(=O)O)C(=O)O
4214761,C(C(=O)[OH2+])C(=O)O
4372790,C(C(=O)[OH2+])C(=O)O.[NH2-].[NH2-].[NH2-].[NH2-].[NH2-].[Co+3]
4663544,C(C(=O)[OH2+])C(=O)[OH2+].[OH-].[OH-].[Cu+2]
5250958,C(C(=O)O)(C(=O)[O-])F
6327098,C(C(=O)O)C(=O)O.[Tl].[Tl]
10154292,C(C[Ge](=O)[O-])C(=O)O
11174613,C(C(=O)O)C(=O)O.[Ag].[Ag]
11174614,C(C(=O)O)C(=O)O
11615481,C(C(=O)[O-])C(=O)[O-].[Sn+2]
12200651,C(C(=O)O)C(=O)O
14839210,C(C(=O)[O-])C(=O)[O-].[Mg+2]
14944028,C(C(=O)[O-])C(=O)[O-].[Fe+2]
15178362,C(C(=O)[O-])C(=O)[O-].[Co+2]
15574532,C(C[Ge](=O)O)C(=O)O
15664145,C(C(=O)[O-])C(=O)[O-].[Ni+2]
16057917,C(C(=O)[O-])C(=O)[O-].O.O.[Cu+2]
16217661,C(C(=O)O)C(=O)O.O.[Na]
16704601,C(C(=O)O)C(=O)O[Tl]
17796745,C(C(=O)O)C(=O)O.[Mg+2]
17953346,COC.C(C(=O)O)C(=O)O
17957983,C(C(=O)[O-])C(=O)[O-].O=[V+2]
17981405,C(C(=O)[O-])C(=O)[O-].O.[Sr+2]
18172994,C(C(=O)[O-])C(=O)[O-].[Cr+2]
18183597,B(CC(C(=O)O)C(=O)O)(O)O
18407914,C(C(=O)[O-])C(=O)[O-].[Pd+2]
18517261,C(C(=O)O)C(=O)OOOC(=O)CC(=O)[O-]
18783604,C(C(=O)O)C(=O)O.O=ClI
18793358,C(C(=O)[O-])C(=O)[O-].C(C(=O)[O-])C(=O)[O-]
19376861,C(C(=O)[O-])C(=O)[O-].[Cd+2]
19604831,C(C(=O)[O-])C(=O)[O-].O
19787860,C(C(=O)[O-])C(=O)[O-].Br
19921648,CC(C)(C(=O)O)C(=O)[O-].[Na+]
20111763,B(CC(C(=O)O)C(=O)O)([O-])[O-]
20159172,C(C(CO)(C(=O)[O-])C(=O)[O-])O
20320811,CC(C)(C(=O)O)C(=O)O.[Cu+2]
20320812,C(C(=O)O)C(=O)O.[Cu+2]
20490708,C(C(=O)[O-])C(=O)[O-].O.[Na+]
21115771,C(C(=O)[O-])C(=O)[O-].[Cu+].[Cu+]
21144683,CC(C(=O)O)C(=O)O.[Pt+2]
21198637,CC(=O)[O-].C(C(=O)[O-])C(=O)[O-]
21254487,C(C(=O)[O-])C(=O)[O-].[Mn+2]
21427030,C(C(=O)[O-])C(=O)[O-].O.Cl.Cl
21799763,[H+].C(C(=O)[O-])C(=O)[O-].[Na+]
21799764,[H+].[Li+].C(C(=O)[O-])C(=O)[O-]
21846883,C(C(C(=O)[O-])C(=O)[O-])O
21924863,C(C(=O)[O-])C(=O)[O-].[Na+]
22015932,C(C(=O)[O-])C(=O)[O-].[Rh+2]
22016501,C(C(=O)[O-])C(=O)[O-].[Zr+2]
22211534,C(C(=O)[O-])C(=O)[O-].O.O.O.O.[Ca+2]
22218770,C=C.C(C(=O)O)C(=O)O
22253128,C(C(=O)[O-])C(=O)[O-].[Pt+2]
22402586,C.C(C(=O)O)C(=O)O
23020107,C(C(=O)[O-])C(=O)[O-].[Ru+2]
23053630,C(C(=O)O)(C(=O)O)[Te]
23310979,C(C(=O)[O-])C(=O)[O-].[Cl-]
23432009,C(C(=O)[O-])C(=O)[O-].[Zn+2]
23593654,C([C-]=O)C(=O)O.[Y+3]
23615414,C(C(=O)O)C(=O)[O-].[Tl+]
23679537,CC(=O)[O-].C(C(=O)O)C(=O)O.[Na+]
23700757,CC(C(=O)O)C(=O)[O-].[K+]
24193006,C(C(=O)O)C(=O)O.[NH2-].[NH2-].[Pt+2]
25113319,C(C(=O)O)C(=O)OC(=O)O
25199839,C(C(=O)O)C(=O)O.[Tl].[Tl]
49822884,C(C(=O)O)C(=O)O.[Cu]
49868535,CC[Sn]CC.C(C(=O)O)C(=O)O
50910029,C(C(=O)O)C(=O)O.C(C(=O)O)C(=O)O.[Co]
50911832,C(C(=O)[OH2+])C(=O)[OH2+].C(C(=O)[OH2+])C(=O)[OH2+].[Pd+2]
50912694,C(C(=O)[OH2+])C(=O)O.[NH2-].[NH2-].[NH2-].[NH2-].[NH2-].[Co+3]
50918511,C(C(=O)[OH2+])C(=O)[OH2+].[OH-].[OH-].[Cu+2]
50919709,CC(C(=O)O)C(=O)O.[Pt]
50919795,C(C(=O)O)C(=O)O.[Pt]
50920799,C(C(=O)O)C(=O)O.[NH2-].[NH2-].O.O.[Pt+2]
50921673,C(C(=O)O)C(=O)[O-].C(C(=O)O)C(=O)[O-].[OH3+].O=[V]
50933484,C(C(=O)O)C(=O)[O-].C(C(=O)O)C(=O)[O-].[OH2+][V]=O
59852486,C(C(=O)O)C(=O)OP
60113014,C(C(=O)O)C(=O)O[Al]
76568695,C(C(=O)O)C(=O)O.[Ag].[Ag]
86647243,CC(C(=O)O)C(=O)O.[Mg]
86725672,COC(=O)CC(=O)O.[K]
87058070,C(C(=O)O)C(=O)O.[K]
87066944,[Li].CC(C(=O)O)C(=O)O
87066951,[Li].CC(C)(C(=O)O)C(=O)O
87066981,CC(C(=O)O)C(=O)O.[K]
87067043,[Li].C(C(=O)O)C(=O)O
87067112,CC(C)(C(=O)O)C(=O)O.[K]
87067276,CC(C)(C(=O)O)C(=O)O.[Na]
87067318,CC(C(=O)O)C(=O)O.[Na]
87069834,C(C(=O)O)C(=O)O.[Na].[Na]
87073150,C(C(=O)O)C(=O)O.[Sr]
87073401,C(C(=O)O)C(=O)O.[Ba]
87079952,C(C(=O)O)C(=O)O.[Ag]
87079953,C(C(=O)[O-])C(=O)[O-].[Ag]
87093804,C(C(=O)O)C(=O)O.[Cr]
87105692,C(C(=O)O)C(=O)O.[Zn]
87120460,C(C(=O)O)C(=O)O.[Mg]
87141221,C(C(=O)O)C(=O)O.[Y]
87141992,C(C(=O)O)C(=O)O.Br.Br
87142077,C(C(=O)O)C(=O)O.Cl.Cl
87156965,CO.C(C(=O)O)C(=O)O
87182361,C(C(=O)O)C(=O)O.[Co]
87221403,C(C(=O)O)C(=O)O.S
87247022,COC(=O)CC(=O)O.[Mg]
87262546,CC(C)(C(=O)O)C(=O)O.[Fe]
87339646,C(C(=O)O)C(=O)O.[Ti]
87339833,C(C(=O)O)C(=O)O.[Zr]
87341011,C(C(=O)O)C(=O)O.[Hf]
87357019,C(C(=O)O)C(=O)OF
87389872,C(C(=O)O)C(=O)O.[Al]
87393473,C(C(=O)O)C(=O)O.[Fe]
87421476,C(C(=O)O)C(=O)O.[Rh]
87421662,C(C(=O)O)C(=O)O.O=S=O
87440776,C(C(=O)O)C(=O)O.O.[Sr]
87489832,COC(=O)CC(=O)O.[Rb]
87492238,[Li].COC(=O)CC(=O)O
87545433,CC.C(C(=O)O)C(=O)O
87570978,COC(=O)CC(=O)O.Cl
87609843,CC(=O)O.C(C(=O)O)C(=O)O
87611161,C(C(=O)O)C(=O)O.C(=O)O
87611162,C(C(=O)O)C(=O)OC=O
87630662,C(C(C(=O)O)C(=O)O)[Ge]
87655423,CC([CH2-])(C(=O)O)C(=O)O.[Na+]
87671478,C(C(=O)O)C(=O)O[Si]
87700857,CCCC[Sn]CCCC.C(C(=O)O)C(=O)O
87701180,C(C(=O)O)C(=O)O.[Mn]
87701555,C(C(=O)O)C(=O)O.O.[Mn]
87785742,C(C(=O)O)C(=O)O.[Tb]
87786534,C(C(=O)O)C(=O)O.[Pr]
87792071,C(C(=O)O)C(=O)O.[Ru]
87793533,C(C(=O)O)C(=O)O.O([Si])[Si]
87836873,C(C(=O)O)C(=O)O.OCl=O.I
87881849,C(C(=O)O)C(=O)O.C(=O)O.[Tl]
87993891,C(C(=O)O)(C(=O)O)[Si]
88009328,C(C(=O)O)C(=O)O.C(=O)(C(=O)O)O
88030259,CC(C(=O)O)(C(=O)O)I
88036753,CCl.C(C(=O)O)C(=O)O
88038051,C(C(=O)O)C(=O)O.[Bi]
88050054,C(C(=O)O)C(=O)O.[Ga]
88152135,C(C(=O)O)C(=O)O.[Rb]
88152774,C(C(=O)O)C(=O)O.[Cs]
88156133,CCO.C(C(=O)O)C(=O)O
88175785,C(C(=O)O)C(=O)O.[Pd]
88196526,[CH3-].C(C(=O)O)C(=O)O.[Na+]
88246917,C(C(=O)O)C(=O)O.[Si]
88247778,CC(C(=O)O)(C(=O)O)[Ge]
88266501,C(C(=O)O)(C(=O)O)I.OCl=O.Cl
88418107,C(C(=O)O)C(=O)OO.[Na].[Na]
88425134,C(C(=O)[O-])C(=O)[O-].[Pb+2]
88425135,C(C(=O)O)C(=O)O.[Pb]
88425188,C(C(=O)O)C(=O)O.[Cd]
88425277,C(C(=O)O)C(=O)O.[Sb]
88450515,CC(C(=O)O)C(=O)O.O.[Zn]
88456189,CC(C(=O)O)(C(=O)O)C(=O)O.[K]
88482659,C(C(=O)O)C(=O)O.[Ni]
88492052,C[CH2-].C(C(=O)O)C(=O)O.[Na+]
88520304,C(C(=O)O)C(=O)[Al]
88584842,C(C(=O)O)C(=O)O.[Cu].[Zn]
88595551,C(C(=O)O)(C(=O)O)[Te]C(C(=O)O)C(=O)O
88630835,C(C(=O)O)C(=O)O.OP(=O)(O)O
88691472,CC(C(=O)O)(C(=O)[O-])C(=O)[O-].[Na+].[Na+]
88719638,C[C-](C(=O)O)C(=O)O.[Na+]
88719639,[CH2-]C(C(=O)O)C(=O)O.[Na+]
88756593,[CH-](C(=O)O)C(=O)O.[Pt]
88759315,C(C(=O)O)C(=O)O.[Na].[Fe]
88768480,[CH2-]OC(=O)CC(=O)O.[Na+]
88772017,C[Tl]C.C(C(=O)O)C(=O)O
88802549,CC(C(=O)O)C(=O)O.[Cu]
88826425,C(C(=O)O)C(=O)O.[Na].[Cu]
89366443,C(C(=O)O)C(=O)OI
89606231,C(C(=O)O)C(=O)O.NS(=O)[O-]
89610155,C(C(=O)O)C(=O)OC#P
89835223,C(C(=O)O)C(=O)OC(=O)OC(=O)O
90150639,B(O)(O)O.C(C(=O)O)C(=O)O
90150640,B(O)(O)OC(=O)CC(=O)O
90340299,[Li].[Li].C(C(=O)O)C(=O)OF
90340380,[Li].[Li].COC(=O)CC(=O)O
90340447,[Li].[Li].C(C(=O)O)C(=O)O
90373644,[Li].B(O)(O)O.C(C(=O)O)C(=O)O
90373645,[Li].B(O)(O)OC(=O)CC(=O)O
90373646,[Li+].B(O)(O)[O-].C(C(=O)O)C(=O)O
92002281,C(C(=O)O)C(=O)O.[NH4+].[NH4+]
92004447,C(C(=O)O)C(=O)O.[NH4+]
92043652,C(C[O])C(=O)O
100931245,CC(C)(C(=O)O)C(=O)[O-]
101008746,C(C(=O)O)C(=O)O.C(C(=O)[O-])C(=O)[O-].[Co+2]
101044879,[CH](C(=O)O)C(=O)O
101044880,[CH](C(=O)O)C(=O)O
101623365,C(C(=O)O)C(=O)O
101921581,C([CH]C(=O)O)O
102332747,CC(C(=O)O)C(=O)O
102494663,C(CO[O])C(=O)O
117064314,CC(C(=O)O)C(=O)O
121393235,C(C(=O)O)(C(=O)O)C(=O)O.[Ag]
121393246,CC(C(=O)O)C(=O)O.[Ag]
122130217,C(C(=O)O)C(=O)O.O.[Na].[Na]
122370837,[CH](C(=O)O)C(=O)O
124138794,C(C(=O)O)C(=O)O.P
129926185,C(C(=O)O)C(=O)OP(=O)(O)O
131997207,C(COOO)C(=O)O
132114943,CC(C(=O)O)(C(=O)O)F.[Na]
137393701,C(C(=O)O)(C(=O)O)P
139063772,C(C(=O)O)C(=O)[O-].C(C(=O)O)C(=O)[O-].O.O.[Cu+2]
139063773,C(C(=O)O)C(=O)[O-].C(C(=O)O)C(=O)[O-].O.O.[Mn+2]
139063830,C(C(=O)O)C(=O)O.C(C(=O)O)C(=O)O
139068427,C(C(=O)O)C(=O)[O-].C(C(=O)O)C(=O)[O-].O.O.[Co+2]
139072405,C(C(=O)O)C(=O)[O-].C(C(=O)O)C(=O)[O-].[Ca+2]
146295505,C(C(=O)O)(C(=O)O)SS
146454646,C(C(=O)O)C(=O)O.[La]
146503287,C(C(=O)[O-])C(=O)[O-].[Au+].[Au+]
146503288,C(C(=O)O)C(=O)O.[Au]
8134,COCCOCCO
8117,C(COCCO)O
8172,C(COCCOCCO)O
8146,CCOCCOCCO
8019,COCCO
8200,C(COCCOCCOCCO)O
8133,CCCCOCCO
8076,CCOCCO
8923,CCCCOCCOCCOCCO
8190,CCOCCOCCOCCO
8178,COCCOCCOCCO
78798,C(COCCOCCOCCOCCOCCOCCOCCO)O
62551,C(COCCOCCOCCOCCO)O
17756,CCCOCCO
17472,C(COCCOCCOCCOCCOCCO)O
7996,CC(C)OCCO
90263,COCCOCCOCCOCCO
15286,CCCOCC(C)O
8087,CC(COCC(C)O)O
4867,C(COCCOCCOCCOCCOCCOCCOCCOCCO)O
11355992,CCCOCCOCCOCCO
73791,CCCCOCCOCCOCCOCCO
15287,CCOCC(C)O
90255,COCCOCCOCCOCCOCCO
81313,CCCOCCOCCO
79718,C(COCCOCCOCCOCCOCCOCCO)O
62411,C(COCC#CCOCCO)O
10154203,CC(COCCO)OCCO
521158,CC(C)COCCO
81260,C(COCCOCCOCCOCCOCCOCCOCCOCCOCCOCCO)O
81248,C(COCCOCCOCCOCCOCCOCCOCCOCCOCCOCCOCCO)O
79734,CCOCCOCCOCCOCCO
79689,C(COCCOCCOCCOCCOCCOCCOCCOCCOCCO)O
42953,C(C(COCC(CO)O)O)O
19846,CC(C)OCC(C)O
90207,COCCOCCOCCOCCOCCOCCO
78058,CCOCCOCCOCCOCCOCCO
526557,CCOCCOCCOCCOCCOCCOCCO
526555,COCCOCCOCCOCCOCCOCCOCCO
87168,C(COCCOCCOCCOCCOCCOCCOCCOCCOCCOCCOCCOCCO)O
77596,C#CCOCCO
74516,CCCCOCCOCCOCCOCCOCCO
13581,C=COCCOCCO
14765037,C(COCCI)O
12527511,CCCOCCOCCOCCOCCO
9920467,C(COCCO)COCCO
2723953,CCOCCOCCO
656926,C(COCCOCCOCCOCCOCCOCCOCCOCCOCCOCCOCCOCCOCCO)O
247456,CC(COCCOCCO)O
163282,C(COCCO)O.N
111036,CCC(C)OCCO
81639,C#CCOCCOCCO
9771,C(COCCOCCF)O
9763,C(COCCF)O
71309724,CCCCOCCO
58520604,COCCO.COCCO.[Zn]
53412760,C(COCC(F)F)O
45281241,C(COCCCOCCO)COCCO
38988946,CC(C)OCC(C)O
20040703,C(COCCOCCO)O.O
16213380,COCCO
16212251,CCCCOCCO
14765039,C(COCCOCCI)O
12527512,CCCOCCOCCOCCOCCOCCO
11819432,C(COCCBr)O
10630886,C(C(CO)OCC(CO)O)O
543047,CC#CCOCCO
85759,C(COCC(CO)O)O
88844560,C(COCCOCC(O)(Br)Br)O
88764766,CCCOCCO.C(COCCO)O
87481768,CCCCOCCOCCO.O
87445834,COC(COCCO)(O)OC
86290240,[CH2+]OCCOCCO
71598531,COCCOC.C(COCCO)O
71414876,C(CO)O.O.O
71334311,C(COCCOCCOCCON)O
71309368,C(COCCO)O
70789761,CCCOC.C(COCCOCCO)O
70678416,CCOCCO.C(CO)O
57925050,COCCO
54233245,C(COCCOCC(O)(S)S)O
44150434,C(COCC[O-])O.[Zr+4]
38988983,CCCOCC(C)O
36689386,CC(C)OCC(C)O
23448310,C(COCCOC=O)O
22560076,CCO.C1COCCO1
22504935,COCCO.O
22237732,C(COCCOC(=O)O)O
22026603,C(CO)O.C(COCCO)O
21966525,CO.C1COCCO1
21896256,COC(COCCO)O
21871658,C(COCCON)O
21714507,C(COCCO)O.C(COCCO)O
21183450,COC(CO)(OC)OC
20089751,CCOCCO.COCCO
20089624,C(COOCCO)O
19824913,C(COCCOCCOC(=O)O)O
19817402,CCCCOCCO.O
19360868,CC(COCCO)O
18626819,C(COCCOCCOS(=O)(=O)O)O
16750101,CCOCCO.O
16213024,C(COCCO)O
15300697,C(COCCOS(=O)(=O)O)O
14786211,C(COCCOCCOCCI)O
13811968,C(COCCOCCO)COCCOCCO
11275204,C(C(CO)OC(CO)CO)O
10881554,COCCO.COCCO.COCCO.[Y]
10396832,C(CO)COCCO
6999922,CCOCC(C)O
6993458,CCOCC(C)O
6950271,CC(COCC(C)O)O
6453394,C1CO1.C(COCCO)O.C(=O)=O
5288135,COCCO.COCCOC
5231320,C(C(O)O)OCC(O)O
3017353,C(COCC(COCCO)O)O
542710,C(COCCOCCO[N+](=O)[O-])O
519798,C(COCCO[N+](=O)[O-])O
113548,C(COCCOCCOCO)O
74154,C(COCC#CCO)O
138694629,C(COCCOOCCOCCO)O
137406930,C(COCCOCCOC(O)O)O
134539172,CCOCC.CCOCCOCC.C(CO)O
134275169,C(COCCOCCOPI)O
131740048,COCCOC.C(COCCOCCOCCO)O
131727359,CCOCCO.C(=O)=O
131710371,C(COCCOCCOCCO)O.[Br-].[Br-]
129826547,C(COCCOCC(O)Br)O
129133730,C(COCCOCCOCCOCCOCCOO)O
126654421,CCCOCCOCCCOCCOCCO
126570731,C(COCCOCCOSI)O
126570493,C(COCCOCCOCCOCCOSI)O
126570473,C(COCCOCCOCCOSI)O
123370374,C(COCCOS(=O)(=O)[O-])O
123162217,[CH2+]CCOCCOCCOCCO
122681118,C(COCC#CCOCCOF)O
122657144,COCCOCCOCCO.[Na]
121317842,C(COCCOCCOCCO)O.I.I
117771108,C(COCCOCCOC(F)(F)F)O
117758944,CC(COC)OCCO
117703307,C(CO)CO.C(COCCOCCOCCO)O
91548122,COCCOCC(O)OC
91445597,CCOCC(O)OOC
91229470,CC.C(COCCOCCO)O
91221813,C#C.C(COCCO)O
90916181,C(COCC(OCF)(F)F)O.C(O)F
90909707,COCCO
90750613,CCCOCCO.[Br-]
90226484,C#COCCOCCOCCOCCO
90198451,COCCOC.COCCOCCO
89921506,COCC(OCCOCCO)Br
89900143,CC(COCC(C)O)O
89791389,C(COCCOCCOCCO)O.F
89500026,C(COCCOCCOCCOCBr)O
89014007,CCCOCCOOCCO
88920078,C(COCCOCCOCCOCCOCCON)O
88861459,CCCOC.C(COCCOCCOCCO)O
88844561,C(COCCOCCO)O.Br.Br
88834348,COCCCOCCCOCCOCCO
88834282,CCOCCOC.C(CO)O
88817980,CCCCOCCO.CO
88817319,C(COC(=S)CO)OC(=S)CO
88812981,C(CO)O.C(COCCO)O.C(COCCO)O
88809765,CC.CCOCC.C(CO)O
88802538,CCOCCO.CCOCCO.COCCO
88796592,C(COCCOCCO)O.C(COCCOCCO)O.N
88796418,C(COCCOCCOCCOCCO)O.Br.Br
88780508,CCOC.CCOCCO
88765598,CC(C)O.C(COCCO)O
88758465,C(COCCOCCO)O.[Au]
88758463,C(COCCO[CH-]CO)O.[Au+]
88755286,C(COCCOSSOCCOCCO)O
88745543,CCO.CCO.COCCOCCOC
88745541,CCO.COCCOCCOC
88731977,C(COCCOCCOI)O
88731544,CCC.C(COCCO)O
88727904,C=C.C(CO)O.C(COCCO)O
88711703,C(COCCOCCOCCOCCO)O.Cl.Cl
88696268,CCOCCOCCO.COCCO
88692634,COC.COCCOCCOC.C(CO)O
88688021,CCOCCOCCO.[Na+].[Cl-]
88669990,C(COCCOCCOCCO)O.[K]
88665550,C.CCCCOCCO
88662227,CCOCCOCCO.Cl
88635433,CCCCOCCOCCO.CCOCC
88632909,C(COCCOCCO)O.[N+](=O)(O)[O-]
88619364,CCOCCO.CCOCCO.[Na]
88617005,CCCCOCCO.[Na]
88616948,COCCOCCOCCOCCO.I
88616946,CCOCC.CI.C(COCCOCCOCCO)O
88614696,CCOC.CCOCCO.C(CO)O
88608703,CCC.C(COCCOCCO)O
88596890,CCO.CCOCCO.O
88558914,CCOCCOCCCOCCCOCCO
88525155,C(COCCO)O.C(COCCO)O.O
88520245,CCOCCOCCO.COC
88520244,CCOC.CCOCC.C(COCCO)O
88511651,CCCCOCCO.Cl
88484533,CCOCCO.CCOS(=O)(=O)[O-].[Na+]
88484367,C(COCCOCCOCCO)O.I
88479041,CCOCCO.CCOCCO
88470816,CCCCOCCO.CCOCC.C(CO)O
88470524,COC(=O)O.C(COCCO)O
88467755,CCCOCCOCCO.CCOCCOCCO
88467663,C(COCCOCCO)O.C(=O)(O)O
88462458,CCOCCO.CCOCCO.CCOCCO
88451254,C(COCCOCCOCCOCCON)O
88432951,CCOCC.COCCOCCOC.C(CO)O
88418563,C(COCCOCCOCCO)O.C(COCCOCCOCCO)O.O
88415372,CCOCC.COOC.C(CO)O
88410308,CCOCCO.COC
88405892,C(COCCOCCOCCOCCOCCO)O.Br.Br
88405617,C(COCCOCCOCCO)O.Cl.Cl
88404412,CCOCCOCCOCC.COCCO
88404411,CCOCCOC.CCOCCOCCO
88404217,COCCO.COCCOCCOC
88375498,CCCCOCCO.CCOCCOCCO
88371893,C(COCCOCCO)O.[Na]
88336019,CCCCOCCO.[OH-].[Na+]
88325802,CCOCCOCCO.C1CO1
88324644,CCOCC.COCCOCCO
88306496,COCCOCCOCCO.C(CO)O
88279854,CCO.COCCO.C(CO)O
88256271,C(COCCOSOCCOCCO)O
88253294,CCCCOCCOCC.C(CO)O
88249345,CCCCOCCO.C(COCCO)O
88239875,COCCOCCOCCO.COCCOCCOCCO
88237490,CCCCOCCOCCO.CCOCCO
88236674,CCO.CCOCCO.CCOCCOCCO
88236206,CCOCCO.C=C
88234459,CCO.C(COCCOCCO)O
88232978,COCCOCCO.[Ca]
88221117,C(COCCOCCOCCOCCOCC(O)(O)O)O
88213299,CCCCOCCO.C(COCCOCCO)O
88213291,CCCCOCCOCCOCCO.O
88195119,CCOCC.C=O.C(CO)O
88093074,C(COCCOCCOCCO)O.O
88085502,CCOCC.CCOCCO.C(CO)O
88046506,CC(O)O.C(COCCO)O
88029180,CCCOCCO.CCCOCCOCCO
88017719,CCOCCOCCO.COCCOCCOC
87987109,CCOCCOCCO.CO
87975598,COCCO.COCCOCCO
87967516,C(COCCOCCO)O.OP(O)O
87967515,C(COCCOCCOP(O)O)O
87937163,CCCCOCCO.COCCOCCO
87932187,C(COCCOCCOCC(O)O)O
87893612,CCCO.CCOCCO
87842748,C(COCCOCCOCCO)O.Br.Br
87769990,C(COOOCCO)O
87694992,C(COCCOCCOS)O
87684277,CCCCOCCOCCO.COCCO
87621888,C(COCCOCCO)O.Cl.Cl
87621828,C(COCCO)O.Cl.Cl
87609860,COCCOCCO.C(CO)O
87596795,CCCCOCCO.CCCCOCCO
87595292,CCCC.C(COCCOCCO)O
87560012,COCCO.C(COCCOCCO)O
87556316,CCOCCOCCO.C(CO)O
87525583,CCCCOCCO.CCCOCCOCCO
87516163,C(COCCOS)O
87512946,CCOCC.CCOCCOCCO.C(COCCO)O
87503761,C(COCCOCCO)O.C(COCCOCCO)O.S
87500223,CCOCC.CCOCCOCCO.C(CO)O
87499936,COCCO.C=O
87451442,CCOCCO.COCCOCCO
87442016,COOOC.C(COCCOCCO)O
87435896,C(CCOO)COCCO
87421514,CCCC.COCCO
87404168,C(COCCOCCON=[N+]=[N-])O
87377666,C(COCCOCCO)O.C(COO)O
87377392,C#COCCOCCO
87376484,CCO.COCCOCCO
87376427,CCCCOCCOCCO.CCO
87365637,CO.C1COCCOCCOCCOCCOCCO1
87312133,CCO.CCOCC.C(COCCOCCO)O
87312040,CCO.CCOCC.C(COCCO)O
87293649,C(COCCOCCOCCOF)O
87270403,C(C(COCC(CO)O)O)O
87253706,CCCCOCCO.C(CO)O
87227311,COCCO.COCCO
87201997,CCO.CCOCCOCCO
87201944,CCO.CCOCCO
87191474,CCOCC.CCOCCOCCO
87189986,CC#COCCOCCO
87184829,CC(OCCOCCO)I
87179656,C#COCCOCCOCCO
87178347,CCCCOCCO.COCCO
87143657,CCOCC.COCCO
87129739,C(COCCOCC(O)O)O
87120589,C(COCCOCCOCCOCCOCCO)O.Cl.Cl
87115157,C=C.C(COCCO)O
87115012,CCCC.CCOCCO
87113332,C(COCCOCCOCl)O
87113330,C(COCCOCCO)O.Cl
87104674,C=C.C(COCCOCCO)O
87100901,COOOC.C(COCCO)O
87097300,COCCOCCO.COCCOCCO
87093617,CCOC.CCOCCOCCO.C(COCCO)O
87091634,C(COCCOCCOCCO)O.[Na]
87086845,CCCCOCC.C(COCCOCCO)O
87086771,CCCOCC.C(COCCOCCO)O
87076397,CCOCC.CCOCC.C(CO)O
87068584,CCOCC.C(CO)O.C(CO)O
87059339,CCO.CCOCC.C(CO)O
86733621,C(COCCOCCOCCOCCO)O.[Br-].[Br-]
86682550,COC.C(CO)O.O
86613518,C(COCCOCCOCC(O)F)O
86595564,CO.COCCOC
86587095,CCO.COCCOC.O
86306312,CCC(C)OCCO
85920218,C(COCCOCCOCCl)O
70364066,CCOCCOCCO.C1COCCO1
70194484,CCO.CO.C1COCCO1
69998901,C1COC1.C(COCCOCCOCCOCCO)O
69104347,CCO.C1COCCO1.O
68516650,CCOCC.C1COCCO1.C(CO)O
67266012,C1COCCO1.C(COCCO)O
66745627,C1COC1.C(COCCOCCOCCO)O
66745387,C1COC1.C(COCCOCCO)O
60119302,CO.COC[CH-]O.[Y]
60096730,C(COCCO)O
60090682,C(COCCO)O
60073235,[CH3-].[CH3-].[CH3-].CO.CO.CO.CO.C(COCCO)O.[Ti].[Ti+2]
59977363,C[CH]OCCOCC(C)O
59925684,COCCOCCO
59878986,CC(CO[CH])OCCO
59873695,CC(COC[CH2-])O.[Rf]
59533126,COCCO
59513217,COCCO.[Rf].[Rf]
59229184,C(COCC(C[O-])O)O
59226875,[CH2-]COCCO.[Y]
59180566,C(C(COCC(CO)(O)O)(O)O)O
59110849,C(COC[CH-]O)OC[CH-]O.[Y].[Y]
59097173,COCCO
59082453,COCC(COCCO)O
59078282,C(COCCOCCO)O
59061401,CC(COCCO)O
59040643,CC(CO[CH][CH]O)O
59005626,C(COCSSCOCCO)O
58975343,C1C[O+]1CCO
58618838,CC([CH2])OCC(C)O
58592326,[CH2-]COCCOCCOCCO.[OH-].[Na+]
58537682,[CH]COCCO
58517138,C(COCCOCCO)O.[C-](=O)O.[Y]
58325915,C(COCCOCCOCCOCCO)O
58325911,CCOCCO
58152091,CC(COCC(C)O[CH])O
57999328,COC[CH]OCCO
57902251,C(COCC(OCF)(F)F)O
57811344,C(COCCOP)O
57745899,C(COCCO)[OH2+]
57704638,C(COCCO)O
57655006,COC[CH-]O.COC[CH-]O.[Y]
57605389,C(CCOCCOCCOCCO)COCCOCCO
57585351,[CH]OCCO
57350761,C(COCCO)O.C(=O)O
57303626,C(COC(CO)O)O
57293319,C(COCCCOCCOCCO)COCCOCCO
57234107,COCCOCC(O)O
57223057,CCOCC(O)(O)O
57174358,CCOC(CO)(O)OCC
57122857,C(CO)COCCOO
57032272,C(COCCOCCOO)O
56979555,C(CCOCCO)COCCCCOCCO
56841799,C(COCCOCO)O
54611805,[Li+].CCOCCO
54142799,C(COCCOCCON)O
54017317,CCOC(CO)F
54000997,C(COCC(O)(Br)Br)O
49835946,COCCOCCO.O
44147001,C(CO)COCCOCCO
36689483,C(C(COCC(CO)O)O)O
23718983,C(COCCOCC[O-])O.[K+]
23674854,C(COCCOCCOCCO)O.[OH-].[K+]
23668374,C(COCCOCC[O-])O.[Na+]
23570158,C(COCCO)CF
23529557,C(COC[CH-]O)O
23513031,CCCCOCCO.CCCOCCO
23443624,C(COCCOCCO)O.C(COCCOCCOCCO)O
23434510,C(COCCO)O.C(COCCOCCOCCO)O
23399563,C(CCOCCOCCO)COCCOCCO
23374036,CCCOC.C(COCCO)O
23345049,COC.COC.C(CO)O
23340344,COCCOCCO.C(O)O
23340053,CCOCCOC.C(COCCO)O
23311596,CCOCCO.C(COCCO)O
23212339,C(COCCO)C#COCCO
23118578,CCOCCOCCOCC.COC.C(COCCO)O
23071655,COC.COCCOCCO
22993107,C1CO1.C(COCCO)O
22910545,COCCOCCO.C(COCCO)O
22843960,CCCOCC(C)O
22770189,CCOCC.CCOCCO
22759520,CC(COO)OCCO
22616673,CCCOCCO.CCOCCO
22446709,COCCCOCCOCCO
22419261,C1COCCO1.C(CO)O
22352609,C(CCOCCO)CO
22315797,C(COCCO)O.O
22278184,C(COCCOCCO)O.N
22278183,C(COCCOCCOCCO)O.N
22184025,COC.COCCOCCOC.C(COCCO)O
22169807,C(COCCOCCBr)O
22102141,CCOCC.COCCOCCOC.C(COCCO)O
22072994,CCOCCO.CCOCCOCCO
22061755,CCCOCCC.C(COCCOCCOCCO)O
21997349,C(CO)O.C(COCCOCCOCCO)O
21960759,C=COCl.C(COCCO)O
21960651,CCCOCCC.C(COCCOCCO)O
21909739,CCOCC.C(COCCOCCOCCO)O
21909738,CCOC.C(COCCOCCOCCO)O
21909737,CCOC.C(COCCOCCO)O
21909736,CCOCC.C(COCCOCCO)O
21889358,CCCC.C(COCCO)O
21889122,C(COCCOCCO)O.N.N
21889118,C(COCCOCCOCCO)O.N.N
21872668,CCCOCCC.C(COCCO)O
21868117,COC.C(COCCOCCOCCO)O
21863951,CCOC.C(COCCO)O
21863332,COC.C(CO)O
21829939,CCO.COC.C(COCCOCCO)O
21756390,CCOC(C)(O)OCCO
21738648,COOOC.C(COCCOCCOCCO)O
21693792,C(CO)COCC(CO)O
21654093,CCOCCOCCOCCO.COCCOCCOCCO
21652642,CCOCCOCCO.COCCOCCO
21611472,C=O.C=O.C(COCCO)O
21584852,C(COCCO)O.C(COCCOCCO)O
21274234,C(COCCOCCOC(=S)S)O
21226492,CCCCOCCCC.C(COCCO)O
21225657,COC.C(COCCO)O
21225596,CCOCC.C(COCCO)O
21225595,CCOCC.C(CO)O
21183357,C(COCC(O)O)O
21035589,B(OCCO)(OCCO)OCCOCCO
21019465,CCOCCCOCCOCCO
20872990,C(COCCO)O.C(COCCO)O.[Y]
20829582,B(OCCO)(OCCO)OCCOC
20751094,C(COCCOCCOCCOO)O
20682175,[CH3-].[CH3-].CO.CO.CO.CO.C(COCCO)O.[Ti].[Ti]
20668795,COCCO.[Ac]
20499892,C(COCCOCC(O)I)O
20384907,CCCOCC.C(CO)O
20376802,C=C.C=C.C(COCCOCCO)O
20360922,CCOCCOCCO.C(COCCO)O
20347309,CCCOCCOCCOCCOCCOCCOCCO
20345232,COCCO.C1COCCO1
20318178,C(CO)COCC(CO)(O)O
20285654,C(COCCO[Si](=O)O)O
20273968,CCO.C(COCCO)O
20228547,CCOCCO.C1COCCO1
20215611,C(COCCOO)O
20186289,CCOCCOCCO.[Cl-]
20139824,CCCCOC.C(COCCOCCO)O
20089749,COC.COCCO.C(COCCO)O
20089748,CCOCC.COCCO.C(COCCO)O
20088380,COCCOCCOC.C(COCCOCCOCCO)O
20081045,C(COCCOCCOCS)O
20058863,[Li+].C(COCCOCCOCCO)O.[I-]
20040193,CCCCOCCOCCCC.C(CO)O
19981229,CCCCOCCO.CCOCCO
19909147,C(COCCOCCO)O.[Br-].[Br-]
19868279,CCCCOC.C(COCCOCCOCCO)O
19828977,C(COCCOC(F)F)O
19777586,C(COCCOCCO)O.C(COCCOCCO)O
19777584,C(COCCOCCOCCO)O.C(COCCOCCOCCO)O
19777583,C(COCCOCCOCCOCCO)O.C(COCCOCCOCCOCCO)O
19777582,C(COCCOCCO)O.C(COCCOCCOCCOCCOCCO)O
19777581,C(COCCOCCOCCOCCOCCO)O.C(COCCOCCOCCOCCOCCO)O
19438644,COCCO.C(COCCO)O
19438579,CCOCC(O)O
19097042,CCCCOCCOCCO.C(COCCO)O
19067848,C(COC(CO)CO)O
19013119,CCCCOCCC.C(COCCO)O
19013118,CCCOCC.C(COCCO)O
18997488,COC(CO)(O)O
18987545,C(CO)COCCCOCCO
18962199,COC.COCCOC.C(COCCO)O
18793663,C(COCCOC(CO)O)O
18764594,C(CO)O.C(COCCO)O.C(COCCOCCO)O
18704162,CCOCC.COC.C(COCCO)O
18680530,C(CO)O.C(CO)O
18680367,C(CO)O.C(CO)O.C(CO)O
18680298,CCOCCOCCO.CCOCCOCCO
18520789,CCCOCC.C(CO)O.C(CO)O
18459589,CCCCOCC.C(COCCO)O
18459544,CCCCOCCOCCO.C(CO)O
18445425,C(COCCOCCOC=O)O
18432061,CC(COCCO)OO
18427320,CCCCOC.C(COCCO)O
18427188,C(CO)CO.C(COCCO)O
18356761,COCCCOCCO
18356760,CCOCCCOCCO
18354038,CO.COCCOCCOC
18329577,CO.COCCO
18327111,C(CO)O.C(COCCOCCO)O
18320983,CCOCC.COC.C(COCCOCCOCCO)O
17949227,CCOCC(O)(O)OCC
17910208,COCCOCCO.C(COCCOCCOCCO)O
17869622,COC.C#COCCO
14963559,C(COCCOCC(F)(F)F)O
14786212,C(COCCOCCOCCOCCOCCI)O
13896571,C(COCO)OCCOCO
13737964,CC(COCCO)OC
13737962,CC(COC)OCCO
13594746,CC(COCCOC)O
13521797,C(C(COCC(CO)O)O)O
10420202,C(COCCOCCOCCF)O
6950270,CC(COCC(C)O)O
5463834,COC.C(COCCOCCO)O
3019826,C(COCCOCC#CCOCCO)O
517638,COCCOCCCOCCO
176234,B(O)(O)O.COCCO
172226,B(O)(O)O.CCOCCOCCOCCO
112760,C(CCOCCO)COCCO
145793571,COCCO.COCCO.O=[Ti]
145793570,CCCOCCO.CCCOCCO.O=[Ti]
145793569,CCOCCO.CCOCCO.O=[Ti]
145793287,C(COCCOCC1(O[Si](=O)O1)O)O
145744671,C(CO)COCCOCCOCCOCCO
142028300,CC.CCCOCCO
141655271,C(CCOCCOCCO)COCCO
141654851,B([O-])([O-])OCCOCCO.[K+].[K+]
141654849,B([O-])([O-])OCCOCCO.[Na+].[Na+]
141654848,B([O-])([O-])OCCOCCOCCO.[Na+].[Na+]
141569363,C(COCCOCC(O)(O)O)O
141489790,COC(COCCOCCO)I
141415361,COC(COCCOCCO)Br
141388494,C(COCCO)O.F
141215729,C(COCCOCCOCCOCCOCCOCCOCCO)O.O
141187947,C(CO)O.O.O.O.O
141130910,COCCOCCOCCOCCO.O
141018636,CCCOCCO.O
140933500,C(COCCOCCOCCO)O
140788999,COCC[OH2+]
140329102,C(COCCOC(=O)Br)O
140324965,CCOCCOCC(O)OCl=O
140273508,C(COCCOCCOCBr)O
140268829,CCOCC(C)O.O
140264802,C(COCCOOOCCOCCO)O
140208096,CC(C)OCCO.O
139970083,C(COCCOCCOS(=O)(=O)[O-])O.[Na+]
139941190,C(CCF)COCCO
139727015,C(CO[As](OCCO)OCCO)O
139652995,CCCOOCCOCCO
139213633,C(COCCOCC[Se])O
138732025,CCOCCOCCO.[Na]
134971050,C[C+](C)OCCO
134931759,C1C[OH+]CC[OH+]CC[OH+]CC[OH+]CC[OH+]CC[OH+]1.[Na+]
134931758,C1C[OH+]CC[OH+]CC[OH+]CC[OH+]CC[OH+]1.[Na+]
134931683,C1C[OH+]CC[OH+]CC[OH+]CC[OH+]1.[Na+]
134930895,C1C[OH+]CC[OH+]CC[OH+]CC[OH+]CC[OH+]1.[K+]
134231118,CCOC(CO)(O)O
132275882,C(COCCOCC(O)[Si])O
132084551,[Li+].CCC[CH2-].COC.C(COCCO)O
131955086,[CH2+]OCCOCCOCCOCCOCCOCCOCCO
131711019,CCOCCOCCO.O
129900115,C(COC=COC=CO)O
129880676,COCCO.COCCO.COCCO.[Yb]
129856512,C(COCCOCCOCCOCCO)O.O
129851719,COCCO.COCCO.[Fe]
129826536,C(COCC(O)Br)O
129817433,COCCO.COCCO.COCCO.[Ce]
129783920,C1COCC[OH+]1.[O-]Cl(=O)(=O)=O
129714115,CCOCCO.CCOCCO.CCOCCO.[Y]
129650680,C(C(O)(O)O)OCC(O)(O)O
129646650,C(COCCOCC(O)(I)I)O
129642409,C(COCCOC[CH-]O)O.[Co]
129318966,COCCO.COCCOCCOCCOC
126970814,[CH2-]COCCO
123783389,C(COCC(O)O)OCCOCC(O)O
123751815,CC(COCCO)F
123700305,COCCOCCOCC(O)O
123211936,CC(OCCO)F
122684178,C(COCCOCCO)O.[N-]=[N+]=[N-]
122198480,[CH2-]COCCOCCOCCO
122198478,[CH2-]CCOCCOCCOCCOCCO
121365600,CCOCCO.COCCOC
121291427,C(COCC(O)(F)F)O
121233737,COCCO.COCCO.[Ni]
121233726,COCCO.COCCO.[Co]
118986996,[CH2-]COCCOCCOCCOCCOCCO
102601654,COCCO.COCCO.COCCO.[Nd]
102601155,COCCO.COCCO.COCCO.[Er]
101949894,COCCCOCCOCCOCCO
101717472,C(COCCOCC#CC#CCOCCOCCO)O
101126415,C1COCC[OH+]1
91824259,CCCCC.CCO.C(COCCO)O
91809508,[CH2+]OCCOCCOCCOCCOCCOCCOCCOCCO
91666460,[CH2-]COCCOCCO
90657084,CC(COCCO)O
90463914,C(COCC[O-])O.[NH4+]
90255277,COOCCOCCO
90008268,CCOCCO.CCOCCOCC.C(CO)O
89779040,CCO.COCCOC.COCCOC
89303599,C#COCCOCCOCCOCCOCCOCCO
89249457,CCO.C(COCCOCCOCCO)O
89131513,C(CO)COCCOCCOCCO
88546929,CCCCOCCOCCO.COCCOCCO
88523052,CCCC.C(COCCOCCOCCO)O
88482191,CCCOC(CO)(O)O
88342954,CC(COCCOO)O
88257725,CCOCC(O)I
88243852,C(COCCO)O.Cl
88077739,CCOCCO.CCOCCOCCO.CO
88012426,CCOC.COCCOCCOC.C(CO)O
87990700,C(COCCOCC(O)F)O
87844299,CCOCC.C(CO)O.Cl
87839625,C(COC(=S)CO)O
87793364,CC(COC(C)COC)O.O
87695060,CC(OC(CO)F)F
87673125,C(COCCOCCOCCO)O.C(O)O
87645905,C(COCC(O)F)O
87593302,C(C(O)(O)OC(CO)(O)O)O
87563878,CCOCC.CCOCCOCCOCC.C(COCCO)O
87348414,COC.COCCOC.C(CO)O
87301416,CCO.COCCOCCOCCOCCOC
87283407,CCOCCOCCOCC.C(COCCO)O
87283406,CCOCC.C(COCCO)O.C(COCCO)O
87171473,C(COCC(O)O)OCC(O)O
87148405,C(CO)O.C(COCCOCCOCCOCCOCCO)O
87118734,COCCO.COCCO.COCCO.[La]
86290239,[CH2+]OCCO
86160301,C(C(O)OC(CO)O)O
86014135,C(COCCOCC[Te])O
77003909,C(COCCOCCO)O.C(COCCOCCOCCOCCO)O
75530469,C(COCCOC(F)(F)F)O
74049872,C.C(COCCOCCOCCO)O
74049868,[CH2+]OCCOCCOCCOCCOCCO
72187579,CCOCCO.C(COCCOCCO)O
71774635,CC(COCC(C)O)O
71677770,[CH2+]OCCOCCOCCOCCO
71627379,CCCC.CCCOCCO.C(CO)O
71598530,CCCC.CCOCCO.CCOCCO
71598529,CCC.CCCCOCCOCCOCCO
71428413,C(COCCOCCOCCOCCOCCF)O
71371218,C(COCCOCCl)O
71348337,B1(OCCO1)OCCOCCO
69262981,C1CCC1.C(CO)O.C(COCCO)O
66545757,CCOCCOC.COCCO
60210966,COCCOCCOCCOC[CH+]OCCO
57486778,C(COCCOCCOCCOCCOCCOCCOCCOCCO)O.O
57354225,C(COCCOCC#CCO)O
57350505,C(COCCOCCOCCOCCOCCO)O.[Cl-].[Cl-]
56845953,COCCO
53339013,[CH2-]COCCOCCOCCOCCO
53245692,C(COC=COCCO)O
50919680,C1C[OH+]CC[OH+]CC[OH+]CC[OH+]CC[OH+]CC[OH+]1.[K+]
49795067,[CH2+]OCCOCCOCCO
46850848,C(COCCOCCOCCOC#CO)O
42627569,C.COCCOCCOCCO.O
42627198,C(COCCOCCOCCOCCOCCOC#CO)O
23704731,C(COCCOS(=O)(=O)[O-])O.[Na+]
23668373,C(COCC[O-])O.[Na+]
23500269,CC(COCCOCCO)(O)O
23368959,C(COCCON=O)O
23225472,C(COCCOOCCO)O
23206782,COC(CO)(O)OC
23147915,CCOCCOCC(O)O
23133360,CCOCCOCCOCCOCCO.COC.C(CO)O
23126622,CCOOCCOCCO
22479672,C(COCCON)O.Cl
22389707,C(COCC[O-])O
21881955,CCOC.C(CO)O
20376578,B(O)(O)OCCOCCOCCO
20333612,C(COCC(O)I)O
19972268,CCC.COCCO
19920477,CO.C(COCCOCCO)O
18791856,COCCOCCOC.C(COCCO)O
18622897,CCOCCO.CO
17949228,COCC(O)(O)OC
17843782,C(COO)OCCOO
16688146,C(CO[Sb](OCCO)OCCO)O
16040254,CO.COCCOCCOCCO
12527704,C(COCCOCC#CCOCCOCCO)O
12216299,C(COCCO)O
10329287,CCCCOCCO
6950269,CC(COCC(C)O)O
447621,CCOCCOCCOCCO.O
3793685,CCOCC[OH2+]
5490415,C(COCC[O])O
6335483,CCOCCO.CCOCCO.CCOCCO.[Al]
6391622,COCCO.COCCO.[AlH2-]
10057508,CCCCOCCO
10219874,COCCO.COCCO.[Na+].[Al]
10441896,C(COCCOCCO)O
10630887,C(C(CO)OCC(CO)O)O
11194652,COCCO.COCCO.[Al]
11222154,C(COCCOCCOCCO)O.O=[Si]=O.[Pd]
11234362,C(COCCOCCOCCO)O.O=[Ti]=O.[Pd]
16058633,CCOCCOC.CO
17784873,CC(=[Ti+2])OCCO
18343464,C(COCCO[Si]OCCO)O
18372130,C(COCCOCCOCCO)O.[OH-].[OH-].[OH-].[Ti]
18506305,CCOCCO.C(CO)O.[Pb]
18506306,CCOCCO.C(CO)O.[Ge]
18618942,C(CO)O.C(CO)O.[Ge]
18626818,C(COCCOCCOS(=O)(=O)[O-])O.[O-2]
18993831,CCOCC.COC.C(COCCOCCO)O
19043806,C(COCCO)O.[Pb]
19433397,C(COCCO)O.C(O)O
19607496,C(COCCOCCO)O.C(COCCOCCO)O.[Cl-].[Cl-]
19777585,COC(=O)[O-].C(COCCO)O
19856924,COCCOCCO.C(COCCOCCO)O
19881004,CCO.COCCO
19937022,C(COCCO)O.C(C#CCO)O
20026262,CC(OCCO)I
20058861,C(COCCOCCOCCO)O.[Na+].[I-]
20058864,C(COCCO)O.[Na+].[I-]
20058865,C(COCCOCCO)O.[Na+].[I-]
20064810,COO[Si](=O)[O-].C(COCCO)O
20135057,C(COCC[O-])O.C(COCC[O-])O.C(COCC[O-])O.[Al+3]
20196187,C(COCCOCCOCCO)O.[K+]
20200048,CCCOCCO.COC
20208867,CCOCCO.N
20209709,COCCOCCO.[Na+]
20228950,CCOC(CO)(OC)OC
20238046,C(CO[CH-]CO)O.[K+]
20285642,C(COCCOCCO[Si](=O)[O-])O
20285643,C(COCCOCCO[Si](=O)O)O
20285653,C(COCCO[Si](=O)[O-])O
20308153,C(COCCO)O.[OH-].[OH-].[OH-].[Ti]
20352054,B([O-])([O-])OCCOCCO
20352055,B(O)(O)OCCOCCO
21116039,C(COCCOCCO)O.C(COCCOCCO)O.[SH-].[SH-]
21123772,CCOCCO.[Mg+2]
21124069,CCCCOCCO.[Na+]
21329549,C(COCCOCC[O-])O.[Mg+2].[Cl-]
21448814,C(COCCOP([O-])[O-])O
21448815,C(COCCOP(O)O)O
21491152,C(COCCOCCOCCO[Si](=O)O)O
21909564,C(COCCOS(=O)(=O)[O-])O.[O-2]
21977723,COC.C(COCCO)O.[Fe+2]
22123513,CCOCC.COC.C(COCCO)O.C(COCCO)O
22131878,C(COCCO)O.[Mg+2].[Cl-]
22146005,COC.COCCO
22572092,C(COCCO)O.O.O
22592949,CO.C1COCCO1.O
22676959,C(COCCO)O.N.N
22678961,CO.C(COCCO)O
22942535,C(COCC(CO)O)O
23303892,C(COCCO)O.[Cl-]
23303897,C(COCCOCCO)O.[Cl-]
23686457,C(COCCO)O.[OH-].[Na+]
23718982,C(COCC[O-])O.[K+]
24193682,[Li].CCOCCO
24806090,C(COCCOCCOCCO)O
24884332,C(C(COCC(CO)O)O)O
50919755,C1C[OH+]CC[OH+]CC[OH+]CC[OH+]CC[OH+]CC[OH+]1.[Ta+5]
50919756,C1C[OH+]CC[OH+]CC[OH+]CC[OH+]CC[OH+]CC[OH+]1.[Nb+5]
50919757,C1C[OH+]CC[OH+]CC[OH+]CC[OH+]CC[OH+]1.[V]
50919758,C1C[OH+]CC[OH+]CC[OH+]CC[OH+]CC[OH+]CC[OH+]1.[V]
50919761,C1C[OH+]CC[OH+]CC[OH+]CC[OH+]CC[OH+]CC[OH+]1.[Fe+3]
50921457,C(COCCO)O.O=[Mo]=O
50932201,CCOCCO.CCOCCO.CCOCCO.[Al]
50932970,COCCO.COCCO.[AlH2-]
50933029,C1C[OH+]CC[OH+]CC[OH+]CC[OH+]CC[OH+]1.Cl[Ga]Cl
53249256,C(COCCO)O.C(=O)O.C(=O)O
53627955,C(COCCOCC[O])[O]
53799853,C(CO)COC(CO)CO
53897692,CCC(C)OCCO
55255517,B(CCCOCCOCCO)(O)O
57417371,[CH2]COCCO
59090062,[B]C(C)OCCO
59969300,C(COOCCOO)O
70140775,C1CC1.C(CO)O.C(COCCO)O
72708935,C(CO)O.C(CO)O.[Zn+2]
73415849,C(C(CO)OCC(CO)O)O
73729038,C(COCCO)O.O.O.O.O.[V]
81847500,CC(COCCOC)O
81847501,CC(COCCOC)O
85714096,[CH2+]COCCO
85842064,C(COCCOCl)O
86160299,C(C(O)OCC(O)O)O
86287438,C.C.C(COCCO)O
86618021,CCO.C(CO)O.O
86709899,CO.COCCOC.O
87069060,C(COCCO)O.OP(=O)(O)O
87074531,C(COCC[As])O
87085425,CCCOCCO.O[Ti]=O
87085450,COCCO.O[Ti]=O
87085455,CCOCCO.O[Ti]=O
87157650,C(COCCO)O.[N+](=O)(O)[O-]
87173920,CCCCOCCO.O[Ti]=O
87179017,C(CO)O.C(CO)O.O=[Ti]
87185228,C(COCCOCCOCCO)O.[Si]
87242117,C(COCCO)O.OS(=O)(=O)O
87399382,C(COCCO)O.C(=O)(O)O
87449395,COC.C=O.C(CO)O
87453042,C(COCCOCCOCCO)O.O[V](=O)O
87453239,C(COCCOCCO)O.O[V](=O)O
87457510,C(COCCO)O.NO
87485293,C(COCCOS(=O)(=O)O)O.O
87591064,C[As](C)CCOCCO
87607410,CCOCCO.Br
87609859,CCOCC.COCCO.C(CO)O
87668697,CCCCO[CH-]CO.[Na+]
87674317,[Li+].C(COCCO)O.[OH-]
87674318,[Li].C(COCCO)O
87747764,COCCOCCO.OS(=O)(=O)O
87749123,CCOCCO.OS(=O)(=O)O
87792116,CCOCCO.[OH-].[K+]
87793690,CCOCCOCCO.CCOCCOCCO.O
87796827,C=O.C(COCCO)O
87818627,CCOCCO.C(CO)O.[Ba]
87818628,CCOCCO.[Ba]
87856868,CCCC.CCOCC.C(COCCO)O
87857334,C(COCCO)O.O[Si](=O)O
87862304,C(COCCO)O.[Ba]
87878389,COC.C(COCCO)O.[Fe]
87888911,CCOCCO.[Na]
87908068,C(COCCOCCOCCO)O.O[Ti]=O
87908145,C(CO)O.C(CO)O.O[Ti](=O)O
87909853,CCOC.COCCOC.C(COCCO)O
87912893,CCCOCCC.COCCOCCO
87928923,C(COSOCCO)O
87965675,CCOCC.C(CO)O.[Pb]
87994458,CC(=[Zr+2])OCCO
88010500,C(COCCOCCOCCOCCOCCO)O.C(COCCOCCOCCOCCOCCO)O.O
88051413,B(O)(O)OC.C(COCCOCCO)O
88052339,CCOCC(C)O.C(CO)O
88052380,C(CO)O.C(CO)O.S
88064285,C(COCCO)O.[Mg].Cl
88064296,C(COCCO)O.S
88088327,CCOCCO.[Pb]
88089183,CCOCCO.[Ge]
88102505,CCCCOCCO.[Ba]
88131027,CCOCCO.Cl
88157140,B(O)(O)O.C(COCCOCCO)O
88184799,C(COCCOCCOCCO)O.O.O.O.[Ti]
88225709,CCOCCO.[Si]
88226001,C(COOCCOCCOOCCO)O
88247658,C(COCCOCl(=O)(=O)=O)O.[Na]
88247659,C(COCCOCl(=O)(=O)=O)O
88247660,C(COCCO)O.[O-]Cl(=O)(=O)=O.[Na+]
88253511,C(COCCOCCOC#N)O
88257724,CCOC(CO)I
88261379,CCOCC(O)(O)O.N
88261984,C(COCCON(O)O)O
88312350,CCCCOCCO.[Al]
88316078,C(COCCO)CI
88343296,C(COCCO)O.[NH4+].[Cl-]
88344810,COCCO.C1CO1
88355043,COCCO.C(CO)O
88360253,C(COCCO)O.N.[Ti]
88374220,CCOCCO.[Zn]
88374845,C(COCCO)O.F[Sb](F)(F)(F)F
88384895,CCOCCO.C=O
88388409,COCC(OCCOCCOCCOCCOCCO)[As]
88389350,C(COCCO)O.N(=O)O
88418406,[Li].COCCOCCO
88425944,B(O)(O)O.C(COCCO)O
88432050,B(O)(O)OCCOCCO.N
88460519,COC[CH2-].COC[CH2-].COCCO.COCCO.O=[Ti+2]
88461092,C(COCC(O)(O)OC(=O)O)O
88484275,C(COCCO)O.Cl[Sb](Cl)Cl
88484276,C(COCCO[Sb](Cl)(Cl)Cl)O
88513212,C(COCCOS(=O)[O-])O.[Na+]
88513213,C(COCCOS(=O)O)O
88514098,COO[Si](=O)O.C(COCCO)O
88516189,CCOCCO.CCOCCOCCO.COCCO
88546019,COCCO.CO[Si](OC)OC
88558918,COCCOCCCOCCCOCCO
88558919,CCOCCOCCCOCCO
88591056,C(COCCP)O
88607962,COCCOCCOCCO.C(COCCO)O
88619365,C(CO)O.C(CO)O.[Na]
88632173,CCOCC.C(CO)O.[Si]
88642687,COC[CH2-].COC[CH2-].COCCO.O=[V]=O
88647846,CCOCCO.Cl[V](Cl)Cl
88650502,COS(=O)(=O)OCCOCCO
88659630,COCCOCCO.[Na]
88688464,CO.CO.C(CO)O
88710756,C(COCCO)O.[OH-].[K+]
88710758,C(COCCO)O.[K]
88735676,B(=O)OC.C(COCCOCCO)O
88740806,C[O-].COCCO.[Na+]
88743008,C(COCCO)O.Br.Br
88762316,C(COCCOCCO)O.O[Si](O)(O)O
88762754,C(COCCO)O.O[Si](O)(O)O
88786558,C(COCCOI)O
88791858,C(COCCO)O.O[Si](O)(O)O[Si](O)(O)O
88791921,C(COCCOCCO)O.O[Si](O)(O)O.O[Si](O)(O)O
88791922,C(COCCOCCO)O.O[Si](O)(O)O[Si](O)(O)O
88794817,COP(O)OCCOCCO
88800905,C(COCCO)O.O.O.O.[Ti]
88800907,C(COCCO)O.O[Ti]=O
88801530,CCCOCC(O)(O)O
88832455,CCOCCO[Si](=O)OCCO
88861430,CCOC.C(COCCOCCOCCOCCO)O
88861448,CCOC.C(COCCOCCOCCOCCOCCO)O
88861462,CCCOCC.C(COCCOCCOCCO)O
88861467,CCCOC.C(COCCOCCOCCOCCO)O
88861499,CCCOCC.C(COCCOCCOCCOCCO)O
88897740,C(CO[C-]=O)O.C(CO[C-]=O)O.[Rb+]
89144564,C(COCC[Si])O
89147485,C(COCCO[O-])O.[Na+]
89183767,C(COCC(O)P)O
89183827,C(COCCOCC(O)P)O
89388819,CCOCCOCC.C(CO)O
89395953,COCCOCCO.COCCOCCO.O
89525774,CCCOCCO.CCO
89600483,C(COC(CF)F)O
90091946,C(COCCOS(=O)(=O)[O-])O.[NH4+]
90868800,C(COCCOCC(OCF)(F)F)O
92043219,CCOCCOCCO
92144466,CC(COCCO)OCCO
92160148,CC(COCCOCCO)O
92171907,CC(COCCOCCO)O
92257131,C(COCC(CO)O)O
92403970,CC(COCCO)OCCO
97109324,C(COCCOCC(F)F)O
100918600,C(COCCOCOO)O
100948835,COCC[OH+][CH2]
100948837,C[OH+]CCOC
100996607,C(COCCOCCOCCO)O
100996608,C(COCCOCCO)O
101033869,C(COCCOCCOCCOCC[O-])O.[K+]
101033870,C(COCCOCCOCC[O-])O.[K+]
101094802,[CH2]OCCO
101094803,C(COCCOCC[O])O
101094804,[CH2]OCCOCCO
101174357,C(COCCOCCOS(=O)(=S)O)O
101196707,[CH2]OCCOCCOCCO
101196709,[CH2]OCCOCCOCCOCCO
101196711,[CH2]OCCOCCOCCOCCOCCO
101196713,[CH2]OCCOCCOCCOCCOCCOCCO
101208336,C(CO)COCCOCCOCCOCCOCCO
101400291,CCCCOCCO
101400292,CCCCOCCO
101400293,CCCCOCCO
101645562,C(C[O-])O.C(C[O-])O.O.[Ti+2]
101654132,C(COCCOCCO[N+](=O)O)O
102239817,C(COCCO[N+](=O)O)O
102323145,CCCCOCCO
102395021,C(C[O-])O.C(C[O-])O.[Ti+2]
102484507,C(C[O-])O.C(C[O-])[O-].[Sb+3]
102600961,COCCO.COCCO.COCCO.O=[V]
117722829,[H+].C(COCCO)O
117777066,CCCCOCCO.COCCOCCOCCO
117962786,C(C(O)OC(CO)O)O
118692258,COCCO.COCCO.[Cu]
121233072,COCCOCCO.COCCOCCO.[Cu]
126481685,CCOCCO.F
126569435,C(COCCOCI)O
130127255,C(C(O)OC(C(O)O)O)(O)O
130683686,CC(COCC(C)O)O
131674246,C(COCCOCCO)O
131701164,CCCCOCCO
131852037,COCCO.COCCO.[Ca]
131866193,COCCO.COCCO.[Ba]
132009843,C(COCCO)O.[Na]
134328619,CCOCCO.COC.C(COCCO)O
134328621,CCOCCO.COCCOCCOC
134611240,CCCO.C(COCCOCCO)O
135221099,C(CO)O.C(CO)O.[Mg]
135318097,C(CO)O.C(CO)O.O
136202263,[CH2+]CCCOCCO
137347160,C(COCCOCCOCCOCCI)O
137406820,C(COCCOC(O)O)O
137511654,COCCOOCCO
138488183,CCOCC.COCCOCCO.C(COCCO)O
138488185,CCOCCOCCOCC.COCCOCCO
139392085,CCOCCOCC(O)I
146179332,C(COCCOSI)O
146257712,C=COCCO.C(CO)O
146309414,CCOCC.C(CO)O.C(COCCO)O
146470375,CCOCC.C(COOCCO)O
146547586,C(COC=COCCO)O
8019,COCCO
174,C(CO)O
23678159,C(C[O-])O.[Na+]
3014186,C(CON)O
2733139,C(CO)O
2733137,C(CO)O
23688918,[Li+].C(C[O-])O
20437942,C(CO)O.O
16213434,C(CO)O
16213380,COCCO
10986148,C(CO)O
5247113,C(C(O)O)O
3016424,C(C(O)O)(O)O
445171,CO.C(CO)O
126843384,C(CO)O.O.O.O.O.[Ti]
123331835,C(CO[SiH3])O
91203794,C(CO)O
90659541,C(CO)O.O=[Sb]O[Sb]=O
71414876,C(CO)O.O.O
60074138,[CH2-]CO
59977916,[CH2-]CO.[Rf]
58670892,COOCCO
58175756,[CH]CO
57925050,COCCO
57204762,C(COS)O
23553108,C(CO)[OH2+]
22504935,COCCO.O
22259953,C(C(O)(O)O)O
22052980,C(C(O)(O)O)(O)O
20089624,C(COOCCO)O
19906354,C(C(O)F)O
14819036,C(COO)O
14229397,B(O)(O)OCCO
13304337,C(C[O-])O
11829546,C(C(O)Br)O
6604152,C(COS(=O)[O-])O
6432439,[CH2]CO
170203,B(O)(O)O.C(CO)O
134462,C(CO)O
129701637,C(C(O)[Al])O.O
123836942,C(COOO)O
123281160,[B]C(CO)O
91532381,C(C(OI)I)O
91063878,[B][B]OCCO
90909707,COCCO
90657090,C.C(CO)O.O
88614575,B(F)(F)F.C(CO)O
88545060,C#C.C#C.C(CO)O
87769990,C(COOOCCO)O
86601574,C(CO)O.C(=O)=O
86592871,C(CO)O.[Na]
72365531,CCOOCCO
72201055,C([C](CO)O)O
59945499,CO[CH-]CO.[Y].[Y].[Y].[Y].[Y].[Y]
59906276,[CH2-]CO.[Ac]
59902700,[CH]C(CO)O
59890033,[CH2-]C(CO)O.[Rf]
59858642,C([C-](O)O)(O)O
59712623,CCOOCCO
59533126,COCCO
59513217,COCCO.[Rf].[Rf]
59432851,COC[CH]O
59392116,C(COO)O.[Rf].[Rf]
59203684,C(CO[NH3+])O
59163884,C(CO)O.[Ti].[Ti]
59163878,C(CO)O.Cl[Ti](Cl)Cl.Cl[Ti](Cl)Cl
59149373,[CH]C(CO)O
59149364,[CH]C(CO)O
59097173,COCCO
59069648,C(CO)O
59061846,[CH]CO.[Ac]
59035281,C(CON)[OH2+]
58771235,C([CH-]O)O.[Rb+]
58720428,C([CH-]O)O.[Rf]
58718730,[CH](C(O)O)O
58403799,[B]C(CO)O
58185744,CC(C[O])O
58185743,CC(C[O])O
58177603,C(CO[O-])O
58175755,[CH]CO.[Rf]
58085278,C(COCF)O
58085201,C(CO)O.[Y].[Y]
57880828,[B]COCCO
57873985,C([CH]O)O.[Rf]
57773938,C(CO)O.[Rf]
57734190,C([C-](CO)O)O
57628900,C([CH]O)O
57585351,[CH]OCCO
57481241,[CH2+]CO
57347318,C(CO)O.[Br-].[Br-].[Br-].[Nb+3]
54275424,C(COCl)O
53629737,C(C#[O+])O
23680560,C(C[O-])O.[K+]
22960076,C(COF)O
22053026,C(CO)O.N
21951205,[B](O)OCCO
21863517,C(COS(=O)(=O)[O-])O
21863332,COC.C(CO)O
21491156,C(CO[Si](O)(O)O)O
21334931,C(CO)O
21320439,C(CO[Si](=O)O)O
21043651,C(COP)O
20668795,COCCO.[Ac]
20563926,C(COI)O
20466882,C(C(O)P)O
19991664,C(CO)O.Cl
19872313,CC(C[O-])O
19082449,C(C(O)F)(O)F
18680530,C(CO)O.C(CO)O
18680367,C(CO)O.C(CO)O.C(CO)O
10058281,C(C(O)I)O
6914275,C(COS(=O)O)O
4650299,C(C(O)(F)F)O
3032805,C(C[O])O
447225,C=O.C(CO)O
145796495,C([CH-]O)O.O.[Zr]
145793829,C([CH-]O)O.O.[Co]
141482217,C(CO)O.F
141473502,C(COS(=S)[O-])O.[Na+]
141464157,C(C(O)(O)F)O
141379760,C(CO[NH-])O.[Na+]
141200179,C(CO)O.O=[Zn]
141187947,C(CO)O.O.O.O.O
141170579,C(CO)O.O.Cl
141113092,C(COI(=O)=O)O
140788999,COCC[OH2+]
140787227,C(CO)O
140625588,C(CO)O
140241146,C(COON)O
139997496,COOOCCO
139727015,C(CO[As](OCCO)OCCO)O
139212077,[BH4-].C(CO)O.[Cs+]
139212075,[BH4-].C(CO)O.[Rb+]
139212073,[BH4-].C(CO)O.[K+]
139212071,[BH4-].C(CO)O.[Na+]
139212069,[Li+].[BH4-].C(CO)O
135016366,[CH2+]C(CO)O
134971742,C(CO)O.O=[Ru]=O
134971511,C(CO)O.O=[Os]=O
134852946,[CH2+]C(CO)O
129660324,C(CO)O
129656499,[B](C(CO)O)O
123547289,C(CONO)O
123509375,[B](OC)OCCO
118276161,C(C(O)(I)I)O
88778592,C(CO)O.[Fe]
88711440,C(CO)O.Cl.Cl
88595550,C(CO)O.[Ag]
88219187,C(COOOOO)O
87416152,C(COBr)O
87403281,C(CO)O.[Au]
86290239,[CH2+]OCCO
85945983,C(CO)O.[Os]
85618087,CO[CH+]CO
56845953,COCCO
44223991,C([CH-]O)O
22572406,C(CO)O.S
21881955,CCOC.C(CO)O
21876201,CCO.C(CO)O
21863057,C#C.C(CO)O
20251461,C(CO)O.Br
16688146,C(CO[Sb](OCCO)OCCO)O
13414486,C(COCl(=O)(=O)=O)O
5484406,CC(C[O])O
520980,C(CO[O])O
3346050,C(C[OH2+])[OH2+]
6335707,C(CO)O.[Sn]
10016006,C(CO)O.[Bi+3]
10286309,C(CO)O.Cl.Cl.Cl.[Te]
11815275,C(CO)O
12196520,C(CO)O
16752605,C(CO)O.[Na+]
18618942,C(CO)O.C(CO)O.[Ge]
18704338,C(CO)O.[NH4+]
18935251,C[C-](CO)O
19092946,C(CO)O.[O-2].[Mn+2]
19391804,C(CO[Sn](=O)O)O
19433396,C(CO)O.C(O)O
19849264,C(CO)O.[Pb]
19909473,CO[Si].C(CO)O
20346320,C(CO)O.[Mg+2]
20395750,[H+].C(CO)O
20495027,C(CO)O.O[Ti]=O
20563925,C(CO)O.I
20977102,C(CO)O.OS(=O)[O-]
21124602,C(CO)O.[Ti+4]
21124685,[Li+].C(CO)O
21124960,C(CO)O.[Mn]
21246071,[CH2-]C(CO)O
21255812,C(CO)O.[O-]P([O-])[O-]
21584811,C(CO)O.O.O.O.[OH-].[OH-].[OH-].[Ti].[Ti]
21654084,C(C(O)(O)P)O
21895788,CCC.C(CO)O
21932770,C(CO)O.[O-]S(=O)(=O)[O-]
21972171,CCO.[OH-]
21975869,C.C(CO)O
22068085,C(CO)O.[O-2].[Ca+2]
22149559,C(CO)O.O([Si])[Si]
22389710,C(C(C[O-])O)[O-]
22720172,C(CO)O.N.N
22723671,C(CO[Si](=O)[O-])O
22987564,C(CO)O.[Na+].[Na+]
23670119,C(CO)O.[Na+].[Cl-]
23680096,C(CO)O.[OH-].[K+]
23704299,C(CO)O.[Cl-].[K+]
23721668,C(CO)O.[OH-].[Na+]
44216797,C(CO[S](=O)=O)O
50920083,C(CO)O.O[V](=O)O.[V].[V]
50932212,C(CO)O.[Sn]
57417971,[CH2]C(CO)O
57420538,[CH2-]CO.[Am]
57437998,CO[Po]OCCO
57449976,C(CO)O.[Po]
57471583,C(CO)O.[In]
59969300,C(COOCCOO)O
72708935,C(CO)O.C(CO)O.[Zn+2]
76972938,C(CO)O
86618021,CCO.C(CO)O.O
87072583,C(CO)O.[Sb]
87072584,C(CO[Sb])O
87091900,C(CO)O.OO.OO
87108263,[Li+].C(CO)O.[Cl-]
87118450,[B](O)OOCCO
87151935,C(CO)O.[Ti].[Ti]
87151949,C([CH-]O)O.[Zn]
87151950,C(CO)O.[Zn]
87173360,C(CO)O.[Ti]
87179017,C(CO)O.C(CO)O.O=[Ti]
87182847,C(CO)O.O=[Fe]
87205845,[B](O)O.C(CO)O
87207727,C(CO)O.O([Si])[Si]O[Si]
87220098,C(CO)O.[Zr]
87233598,C(CO)O.O.O.O.[Ti]
87259222,C(COO)O.[Po]
87274268,C(C(O)[Sn])O
87290232,C([CH-]O)O.[Au+]
87312478,C(CO[Pb])O
87361023,[C-]#N.C(CO)O.[Co]
87375119,C([CH-]O)O.[Ti]
87376619,C(CO[Al]=O)O
87401064,C(CO)O.[Al].[Zr]
87446888,C(CO)O.O=[Ti]
87468857,B(O)(O)OCCO.O
87475198,C(CO)O.[Mo]
87479157,C(CO)O.[Na].[Zr]
87504763,C(CO)O.O=[Ti]
87524640,C(CO)O.[K]
87600744,C(C(O)(O)OO)O
87610520,C(CO)O.[Si][Si][Si][Si]
87651821,C([CH-]O[Al]=O)O.[Ti]
87708729,C(CO)O.O=[Ge]
87769819,CO[CH-]CO.[Er]
87830749,C(CO)O.[Ba]
87908145,C(CO)O.C(CO)O.O[Ti](=O)O
87924052,C[O-].C(CO)O.[Na+]
87926063,C(CO)O.[N-]=[N+]=[N-]
87928923,C(COSOCCO)O
87949559,C(CO)O.O=[Ge]=O
88052380,C(CO)O.C(CO)O.S
88061093,C([CH-]O)O.[Zr]
88064329,C(CO)O.[Mg].Cl
88077578,[Li].C(COCl(=O)(=O)=O)O
88077581,[Li+].C(CO)O.[O-]Cl(=O)(=O)=O
88099785,C(CO)O.[Ca]
88129761,[CH3-].C(CO)O.O.[K+]
88171148,C(CO)O.[NH4+].[Br-]
88173769,C(CO[Si]O[Si]O[Si])O
88243833,C(CO)O.O[Si](O)(O)O
88250735,C(CO)O.[Si]Cl
88250736,C(CO[Si]Cl)O
88258612,C(CO)O.[O-2].[Zn+2]
88289069,C([CH-]O)O.[Mo]
88368835,C(CO)O.[NH4+].[Cl-]
88390398,COO.C(CO)O
88404338,C([CH-]O)O.[Na+].[Mo]
88405219,C(CO)O.OCl(=O)(=O)=O
88407188,C(CO[Si](=O)[O-])O.[Na+]
88431164,C(CO)O.O[Mo](=O)(=O)O
88478835,C(CO)O.O.[Mg]
88496568,C(CO)O.[V]
88496599,C([CH-]O)O.[V]
88512711,CO.C(CO)O.O
88553420,C(COOOOOOO)O
88559713,C(CON(O)O)O
88578183,C(C(O)I)O
88578339,C(C(O)I)O
88599226,C(CO)O.Cl.[Sn]
88601460,C([CH-]O)O.[K+].[Mo]
88601537,C([CH-]O)O.[Mo].[La]
88601650,C(CO)O.[Na].[Mo]
88605897,C(CO)O.OOO
88617171,C(C(O)(Br)Br)O
88619365,C(CO)O.C(CO)O.[Na]
88619487,C(CO)O.O=[V]=O
88641687,C(CO)O.[O-][O+]=O
88642905,C(CO)O.[Ge]
88642907,C(C(O)[Ge])O
88657038,C(CO)O.O=[Si]=O
88673293,C(CO)O.O[Si](=O)O
88680635,C(CO[Se](=O)O)O
88680636,C(CO)O.O[Se](=O)O
88688464,CO.CO.C(CO)O
88702644,C(CO)O.[Al].Cl
88714636,C(CO)O.[O-2].[Mg+2]
88733257,C(CO)O.O[Ti](=O)O
88745110,C(C(O)[In])O
88763267,C(COP=S)O
88763607,C(C(O)[Sn])O.[Ti]
88776268,C(C[O-])O.[Mg+2].[Cl-]
88804406,C(COOOOOO)O
88812793,C(CO)O.[Al].I
88812794,C(C(O)I)O.[Al]
88812795,C(COI)O.[Al]
88815009,CO.C(CO)O.[Rh]
88832483,C(COCl(=O)(=O)=O)O.[Na]
88832484,C(CO)O.[O-]Cl(=O)(=O)=O.[Na+]
88841218,C(CO)O.O.[Pb]
89405222,C(C(O)[Se])O
89905610,C(CO)O.[Ag]
89905889,C(CO)O.[Cu]
89905890,C(CO)O.[Cu]
90098314,C(CO)O.[O-][Mn](=O)(=O)=O.[K+]
90429608,C(COC#P)O
90475996,C(CO)O
92013436,C(CO)O.[K].[K]
100974131,C[C](CO)O
101094802,[CH2]OCCO
101545330,C(CO[O])O
101545331,C(CO[O])O
101545332,C(CO[O])O
101552290,[CH2]CO
101645562,C(C[O-])O.C(C[O-])O.O.[Ti+2]
102134917,C(C[O-])O.[Cu+]
102241248,[CH2]C[OH2+]
102241249,[CH2]CO
102395021,C(C[O-])O.C(C[O-])O.[Ti+2]
102461127,[CH2]C[OH2+]
102484507,C(C[O-])O.C(C[O-])[O-].[Sb+3]
117725252,C(COCI)O
121235481,[Li].C(CO)O
129701638,C(C(O)[Al])O
130420852,C(C(O)(O)I)O
131880586,C(CO)O.[Mg]
132211856,C([CH-]O)O.[Cu+]
132255488,C(CO)O.[K+].[Br-]
132255490,C(CO)O.[Na+].[Br-]
135221099,C(CO)O.C(CO)O.[Mg]
135318097,C(CO)O.C(CO)O.O
136731906,[CH2+]CO
137406901,C(CO)O.C(O)(O)O
137477473,C(CO)O.C(I)I
139489161,C(CO)O.[Na].[Na]
141473503,C(COS(=S)O)O
